id,nombre,descripcion,grupo,geomt,color,categoria,imagen,descripcion_upper,nombre_upper,num_articulo
2,Circulación giratoria,"Indica la proximidad a un lugar donde está establecido un sentido giratorio para la circulación.
",1,1,1,1,circulacion_giratoria.png,"INDICA LA PROXIMIDAD A UN LUGAR DONDE ESTA ESTABLECIDO UN SENTIDO GIRATORIO PARA LA CIRCULACION.
",CIRCULACION GIRATORIA,160
3,Peligros diversos,"Indica la proximidad a un peligro que no tiene otra señal específica; esta señal debe estar complementada con una placa que muestre concretamente la clase de peligro de que se trata.
",1,1,1,1,peligros_diversos.png,"INDICA LA PROXIMIDAD A UN PELIGRO QUE NO TIENE OTRA SENAL ESPECIFICA; ESTA SENAL DEBE ESTAR COMPLEMENTADA CON UNA PLACA QUE MUESTRE CONCRETAMENTE LA CLASE DE PELIGRO DE QUE SE TRATA.
",PELIGROS DIVERSOS,160
4,Cruce de animal que vive en libertad,"Indica la proximidad a una zona por la que cruzan frecuentemente animales que viven en libertad.
",1,1,1,1,cruce_de_animal_que_vive_en_libertad.png,"INDICA LA PROXIMIDAD A UNA ZONA POR LA QUE CRUZAN FRECUENTEMENTE ANIMALES QUE VIVEN EN LIBERTAD.
",CRUCE DE ANIMAL QUE VIVE EN LIBERTAD,160
5,Cruce de animales domésticos,"Indica la proximidad a una zona por la que cruzan frecuentemente animales domésticos o grupos de animales.
",1,1,1,1,cruce_de_animal_domestico.png,"INDICA LA PROXIMIDAD A UNA ZONA POR LA QUE CRUZAN FRECUENTEMENTE ANIMALES DOMESTICOS O GRUPOS DE ANIMALES.
",CRUCE DE ANIMALES DOMESTICOS,160
6,Estrechamiento de la vía por ambos lados,"Indica  la proximidad a un estrechamiento de la calzada por ambos lados.
",1,1,1,1,estrechamiento_de_via_por_ambos_lados.png,"INDICA  LA PROXIMIDAD A UN ESTRECHAMIENTO DE LA CALZADA POR AMBOS LADOS.
",ESTRECHAMIENTO DE LA VIA POR AMBOS LADOS,160
7,Paso para peatones,"Indica la existencia de un paso frecuente de peatones por una zona delimitada con marcas viales o por señales.<br>
a) mediante franjas tipo cebra; indica la prioridad del peatón en el cruce.<br>
b) mediante dos líneas paralelas; delimita la zona de cruce, sin conceder la prioridad para el peatón.
",1,1,1,1,paso_de_peatones.png,"INDICA LA EXISTENCIA DE UN PASO FRECUENTE DE PEATONES POR UNA ZONA DELIMITADA CON MARCAS VIALES O POR SENALES.<BR>
A) MEDIANTE FRANJAS TIPO CEBRA; INDICA LA PRIORIDAD DEL PEATON EN EL CRUCE.<BR>
B) MEDIANTE DOS LINEAS PARALELAS; DELIMITA LA ZONA DE CRUCE, SIN CONCEDER LA PRIORIDAD PARA EL PEATON.
",PASO PARA PEATONES,160
8,Doble sentido de circulación,"Indica que la circulación comienza en doble sentido de manera permanente o provisional.
",1,1,1,1,doble_sentido_de_circulacion.png,"INDICA QUE LA CIRCULACION COMIENZA EN DOBLE SENTIDO DE MANERA PERMANENTE O PROVISIONAL.
",DOBLE SENTIDO DE CIRCULACION,160
9,Perfil irregular o badén,"Indica la presencia de un perfil irregular, ya sea por mal estado de la calzada, por un puente combado, cambio brusco de rasante o por un badén.
",1,1,1,1,perfil_irregular_o_baden.png,"INDICA LA PRESENCIA DE UN PERFIL IRREGULAR, YA SEA POR MAL ESTADO DE LA CALZADA, POR UN PUENTE COMBADO, CAMBIO BRUSCO DE RASANTE O POR UN BADEN.
",PERFIL IRREGULAR O BADEN,160
10,Desprendimiento de rocas,Indica la proximidad a una zona peligrosa debido al desprendimiento de rocas y a la consiguiente presencia de rocas en la vía.,1,1,1,1,desprendimiento_de_rocas.png,INDICA LA PROXIMIDAD A UNA ZONA PELIGROSA DEBIDO AL DESPRENDIMIENTO DE ROCAS Y A LA CONSIGUIENTE PRESENCIA DE ROCAS EN LA VIA.,DESPRENDIMIENTO DE ROCAS,160
11,Cruce regulado por semáforo,"Indica las proximidades a una intersección regulada por semáforos.
",1,1,1,1,cruce_regulado_por_semaforo.png,"INDICA LAS PROXIMIDADES A UNA INTERSECCION REGULADA POR SEMAFOROS.
",CRUCE REGULADO POR SEMAFORO,160
12,Salida de ciclistas,Indica la proximidad a un paso frecuentado por ciclistas en la vía o que la atraviesan.,1,1,1,1,salida_de_ciclistas.png,INDICA LA PROXIMIDAD A UN PASO FRECUENTADO POR CICLISTAS EN LA VIA O QUE LA ATRAVIESAN.,SALIDA DE CICLISTAS,160
13,Niños,"Indica la proximidad a un lugar frecuentado por niños, tales como escuelas, terrenos de juego, áreas de recreación u otros similares.
",1,1,1,1,ninos.png,"INDICA LA PROXIMIDAD A UN LUGAR FRECUENTADO POR NINOS, TALES COMO ESCUELAS, TERRENOS DE JUEGO, AREAS DE RECREACION U OTROS SIMILARES.
",NINOS,160
14,Estrechamiento de la vía por lado izquierdo,"Indica la proximidad a un estrechamiento de la calzada por su lado izquierdo.
",1,1,1,1,estrechamiento_de_la_via_por_lado_izquierdo.png,"INDICA LA PROXIMIDAD A UN ESTRECHAMIENTO DE LA CALZADA POR SU LADO IZQUIERDO.
",ESTRECHAMIENTO DE LA VIA POR LADO IZQUIERDO,160
15,Bajada peligrosa,"Indica la proximidad a un descenso peligroso a causa de su inclinación o de su longitud.

",1,1,1,1,bajada_peligrosa.png,"INDICA LA PROXIMIDAD A UN DESCENSO PELIGROSO A CAUSA DE SU INCLINACION O DE SU LONGITUD.

",BAJADA PELIGROSA,160
16,Curva peligrosa a la izquierda,Indica la proximidad a una curva hacia el lado izquierdo del sentido de la circulación.,1,1,1,1,curva_peligrosa_a_la_izquierda.png,INDICA LA PROXIMIDAD A UNA CURVA HACIA EL LADO IZQUIERDO DEL SENTIDO DE LA CIRCULACION.,CURVA PELIGROSA A LA IZQUIERDA,160
17,Doble curva peligrosa a la derecha,"Indica la proximidad a dos o más curvas, la primera a la derecha.
",1,1,1,1,doble_curva_peligrosa_a_la_derecha.png,"INDICA LA PROXIMIDAD A DOS O MAS CURVAS, LA PRIMERA A LA DERECHA.
",DOBLE CURVA PELIGROSA A LA DERECHA,160
18,Obras,"Indica la proximidad a obras de construcción o reparación que ocupan parte de la vía.
",1,1,1,1,obras.png,"INDICA LA PROXIMIDAD A OBRAS DE CONSTRUCCION O REPARACION QUE OCUPAN PARTE DE LA VIA.
",OBRAS,160
19,Estrechamiento de la vía por lado derecho,"Indica  la proximidad a un estrechamiento de la calzada por su lado derecho.
",1,1,1,1,estrechamiento_de_la_via_por_lado_derecho.png,"INDICA  LA PROXIMIDAD A UN ESTRECHAMIENTO DE LA CALZADA POR SU LADO DERECHO.
",ESTRECHAMIENTO DE LA VIA POR LADO DERECHO,160
20,Proyección de gravilla,Indica la proximidad a un tramo de vía en el que pueden producirse proyecciones de gravilla.,1,1,1,1,proyeccion_de_gravilla.png,INDICA LA PROXIMIDAD A UN TRAMO DE VIA EN EL QUE PUEDEN PRODUCIRSE PROYECCIONES DE GRAVILLA.,PROYECCION DE GRAVILLA,160
21,Viento lateral,"Indica la proximidad a un tramo de vía en el que sopla con frecuencia un viento lateral violento.
",1,1,1,1,viento_lateral.png,"INDICA LA PROXIMIDAD A UN TRAMO DE VIA EN EL QUE SOPLA CON FRECUENCIA UN VIENTO LATERAL VIOLENTO.
",VIENTO LATERAL,160
23,Pavimento resbaladizo,"Indica la existencia de un pavimento con bajo coeficiente de fricción permanente o eventual, por lluvia, neblina u otra causa.
",1,1,1,1,pavimento_resbaladizo.png,"INDICA LA EXISTENCIA DE UN PAVIMENTO CON BAJO COEFICIENTE DE FRICCION PERMANENTE O EVENTUAL, POR LLUVIA, NEBLINA U OTRA CAUSA.
",PAVIMENTO RESBALADIZO,160
24,Vuelo rasante,"Indica la presencia de aeronaves que realizan vuelos bajos al aterrizar o al despegar.
",1,1,1,1,vuelo_rasante.png,"INDICA LA PRESENCIA DE AERONAVES QUE REALIZAN VUELOS BAJOS AL ATERRIZAR O AL DESPEGAR.
",VUELO RASANTE,160
25,Paso a nivel sin sistema de protección,Indica la proximidad a un paso a nivel desprovisto de dispositivo de protección.,1,1,1,1,paso_a_nivel_sin_barreras.png,INDICA LA PROXIMIDAD A UN PASO A NIVEL DESPROVISTO DE DISPOSITIVO DE PROTECCION.,PASO A NIVEL SIN SISTEMA DE PROTECCION,160
26,Paso a nivel con sistema de protección,"Indica la proximidad a un paso a nivel equipado con dispositivos de protección.
",1,1,1,1,paso_a_nivel_con_barreras.png,"INDICA LA PROXIMIDAD A UN PASO A NIVEL EQUIPADO CON DISPOSITIVOS DE PROTECCION.
",PASO A NIVEL CON SISTEMA DE PROTECCION,160
27,Puente móvil,"Indica la posibilidad de levantamiento o giro de un puente móvil que interrumpe la circulación del tránsito.
",1,1,1,1,puente_movil.png,"INDICA LA POSIBILIDAD DE LEVANTAMIENTO O GIRO DE UN PUENTE MOVIL QUE INTERRUMPE LA CIRCULACION DEL TRANSITO.
",PUENTE MOVIL,160
28,"Preseñalización de ""Pare""",Indica la proximidad a una señal de “Pare”.,1,1,1,1,presenalizacion_de_pare.png,INDICA LA PROXIMIDAD A UNA SENAL DE “PARE”.,"PRESENALIZACION DE ""PARE""",160
29,"Preseñalización de ""Ceda el Paso""",Indica la proximidad a una señal de “Ceda el Paso”.,1,1,1,1,presenalizacion_de_ceda_el_paso.png,INDICA LA PROXIMIDAD A UNA SENAL DE “CEDA EL PASO”.,"PRESENALIZACION DE ""CEDA EL PASO""",160
30,Cruce,"Indica el cruce de una carretera o camino con otro de igual categoría.
",1,1,1,1,cruce.png,"INDICA EL CRUCE DE UNA CARRETERA O CAMINO CON OTRO DE IGUAL CATEGORIA.
",CRUCE,160
31,Entronque lateral derecho,Indica la proximidad a un entronque en el lado derecho del sentido de la circulación con una carretera de menor importancia o no preferente.,1,1,1,1,entronque_lateral_derecho.png,INDICA LA PROXIMIDAD A UN ENTRONQUE EN EL LADO DERECHO DEL SENTIDO DE LA CIRCULACION CON UNA CARRETERA DE MENOR IMPORTANCIA O NO PREFERENTE.,ENTRONQUE LATERAL DERECHO,160
33,Desvío,"Indica la proximidad a un desvío en la circulación.
",1,1,1,1,desvio.png,"INDICA LA PROXIMIDAD A UN DESVIO EN LA CIRCULACION.
",DESVIO,160
34,Entronque lateral izquierdo,Indica la proximidad a un entronque en el lado izquierdo del sentido de la circulación con una carretera de menor importancia o no preferente.,1,1,1,1,entronque_lateral_izquierdo.png,INDICA LA PROXIMIDAD A UN ENTRONQUE EN EL LADO IZQUIERDO DEL SENTIDO DE LA CIRCULACION CON UNA CARRETERA DE MENOR IMPORTANCIA O NO PREFERENTE.,ENTRONQUE LATERAL IZQUIERDO,160
35,Cruce con preferencia,Indica la proximidad a una intersección con una carretera de menor importancia o no preferente.,1,1,1,1,cruce_con_preferencia.png,INDICA LA PROXIMIDAD A UNA INTERSECCION CON UNA CARRETERA DE MENOR IMPORTANCIA O NO PREFERENTE.,CRUCE CON PREFERENCIA,160
36,Curva peligrosa a la derecha,"Indica la proximidad a una curva hacia el lado derecho del sentido de la circulación.
",1,1,1,1,curva_peligrosa_a_la_derecha.png,"INDICA LA PROXIMIDAD A UNA CURVA HACIA EL LADO DERECHO DEL SENTIDO DE LA CIRCULACION.
",CURVA PELIGROSA A LA DERECHA,160
37,Balizas,"Señal lumínica o reflectante adicional que indica la proximidad a un peligro.
",1,2,6,1,baliza.png,"SENAL LUMINICA O REFLECTANTE ADICIONAL QUE INDICA LA PROXIMIDAD A UN PELIGRO.
",BALIZAS,160
40,Prioridad de circulación,Indica la prioridad con relación a los vehículos que circulan en sentido contrario.,2,4,4,1,"prioridad_de_circulacion.png
",INDICA LA PRIORIDAD CON RELACION A LOS VEHICULOS QUE CIRCULAN EN SENTIDO CONTRARIO.,PRIORIDAD DE CIRCULACION,162
41,Ceda el paso,"Indica que todo vehículo está obligado a disminuir la velocidad y parar si fuera necesario, para permitir el paso a todos los vehículos que circulan por la vía preferente.
",2,1,1,1,ceda_el_paso.png,"INDICA QUE TODO VEHICULO ESTA OBLIGADO A DISMINUIR LA VELOCIDAD Y PARAR SI FUERA NECESARIO, PARA PERMITIR EL PASO A TODOS LOS VEHICULOS QUE CIRCULAN POR LA VIA PREFERENTE.
",CEDA EL PASO,162
42,Pare,"Indica que todo vehículo está obligado a detenerse en la línea de “Pare” y si no la hubiera, antes del borde de la vía transversal sin internarse en ella, cualesquiera que sean las circunstancias de visibilidad, dándole prioridad a los vehículos que circulan por la vía transversal antes de cruzarla o incorporarse a ella.",2,3,2,1,pare.png,"INDICA QUE TODO VEHICULO ESTA OBLIGADO A DETENERSE EN LA LINEA DE “PARE” Y SI NO LA HUBIERA, ANTES DEL BORDE DE LA VIA TRANSVERSAL SIN INTERNARSE EN ELLA, CUALESQUIERA QUE SEAN LAS CIRCUNSTANCIAS DE VISIBILIDAD, DANDOLE PRIORIDAD A LOS VEHICULOS QUE CIRCULAN POR LA VIA TRANSVERSAL ANTES DE CRUZARLA O INCORPORARSE A ELLA.",PARE,162
43,Fin de la vía con prioridad,Indica que la preferencia en la vía por la cual se circula ha concluido.,2,4,6,1,fin_de_la_via_con_prioridad.png,INDICA QUE LA PREFERENCIA EN LA VIA POR LA CUAL SE CIRCULA HA CONCLUIDO.,FIN DE LA VIA CON PRIORIDAD,162
44,Prioridad a los vehículos que vienen contrarios,"Indica que está prohibido entrar en el paso estrecho mientras no sea posible atravesarlo sin obligar a los vehículos que circulan en sentido contrario a detenerse.
",2,3,2,1,prioridad_a_los_vehiculos_que_vienen_en_sentido_contrario.png,"INDICA QUE ESTA PROHIBIDO ENTRAR EN EL PASO ESTRECHO MIENTRAS NO SEA POSIBLE ATRAVESARLO SIN OBLIGAR A LOS VEHICULOS QUE CIRCULAN EN SENTIDO CONTRARIO A DETENERSE.
",PRIORIDAD A LOS VEHICULOS QUE VIENEN CONTRARIOS,162
45,Vía con prioridad,"Indica que la vía tiene preferencia en los cruces respecto a todas las demás vías que la atraviesan.
",2,4,1,1,via_con_prioridad.png,"INDICA QUE LA VIA TIENE PREFERENCIA EN LOS CRUCES RESPECTO A TODAS LAS DEMAS VIAS QUE LA ATRAVIESAN.
",VIA CON PRIORIDAD,162
46,Ceda el paso con luz roja,"Indica a los conductores de vehículos que pueden realizar giros de derecha o seguir recto en las intersecciones semaforizadas, con extrema precaución, cediéndole el paso a los conductores y peatones que transitan por la intersección con la luz verde correspondiente y a los peatones que cruzan la vía transversal con la luz verde de peatones.",2,2,4,1,ceda_el_paso_derecha_con_luz_roja.png,"INDICA A LOS CONDUCTORES DE VEHICULOS QUE PUEDEN REALIZAR GIROS DE DERECHA O SEGUIR RECTO EN LAS INTERSECCIONES SEMAFORIZADAS, CON EXTREMA PRECAUCION, CEDIENDOLE EL PASO A LOS CONDUCTORES Y PEATONES QUE TRANSITAN POR LA INTERSECCION CON LA LUZ VERDE CORRESPONDIENTE Y A LOS PEATONES QUE CRUZAN LA VIA TRANSVERSAL CON LA LUZ VERDE DE PEATONES.",CEDA EL PASO CON LUZ ROJA,162
47,Circulación prohibida a los animales de silla o montura,Circulación prohibida a los animales de silla o montura.,3,3,2,1,circulacion_prohibida_a_los_animales_de_silla_o_montura.png,CIRCULACION PROHIBIDA A LOS ANIMALES DE SILLA O MONTURA.,CIRCULACION PROHIBIDA A LOS ANIMALES DE SILLA O MONTURA,164
48,Circulación prohibida a los vehículos con motor excepto Motocicletas,"Circulación prohibida a todos los vehículos de motor, excepto las motocicletas y ciclomotores.
",3,3,2,1,circulacion_prohibida_a_los_vehiculos_con_motor_excepto_motocicletas_y_ciclomotores.png,"CIRCULACION PROHIBIDA A TODOS LOS VEHICULOS DE MOTOR, EXCEPTO LAS MOTOCICLETAS Y CICLOMOTORES.
",CIRCULACION PROHIBIDA A LOS VEHICULOS CON MOTOR EXCEPTO MOTOCICLETAS,164
49,Circulación prohibida a los vehículos que excedan la altura indicada,Circulación prohibida a los vehículos con una altura superior a la que indica la señal.,3,3,2,1,circulacion_prohibida_a_los__vehiculos_que_excedan_la__altura_indicada.png,CIRCULACION PROHIBIDA A LOS VEHICULOS CON UNA ALTURA SUPERIOR A LA QUE INDICA LA SENAL.,CIRCULACION PROHIBIDA A LOS VEHICULOS QUE EXCEDAN LA ALTURA INDICADA,164
50,Circulación prohibida a los vehículos que excedan el ancho indicado,Circulación prohibida a los vehículos con una ancho superior a la que indica la señal.,3,3,2,1,circulacion_prohibida_a_los_vehiculos_que_excedan_el_ancho_indicado.png,CIRCULACION PROHIBIDA A LOS VEHICULOS CON UNA ANCHO SUPERIOR A LA QUE INDICA LA SENAL.,CIRCULACION PROHIBIDA A LOS VEHICULOS QUE EXCEDAN EL ANCHO INDICADO,164
51,Circulación prohibida a los vehículos que excedan el tamaño indicado,"Circulación prohibida a los vehículos o conjuntos de vehículos de una longitud superior a la que indica la señal.
",3,3,2,1,circulacion_prohibida_a_los_vehiculos_o_conjuntos_de_vehiculos_de_una_longitud.png,"CIRCULACION PROHIBIDA A LOS VEHICULOS O CONJUNTOS DE VEHICULOS DE UNA LONGITUD SUPERIOR A LA QUE INDICA LA SENAL.
",CIRCULACION PROHIBIDA A LOS VEHICULOS QUE EXCEDAN EL TAMANO INDICADO,164
52,Velocidad máxima,Establece el límite máximo de velocidad a que se puede circular,3,3,2,1,velocidad_maxima.png,ESTABLECE EL LIMITE MAXIMO DE VELOCIDAD A QUE SE PUEDE CIRCULAR,VELOCIDAD MAXIMA,164
56,Prohibido dar media vuelta o girar en U,"Indica que está prohibido dar media vuelta o girar en “U”, en el lugar a que se refiere la señal.",3,3,2,1,prohibido_dar_media_vuelta_o_girar_en_u.png,"INDICA QUE ESTA PROHIBIDO DAR MEDIA VUELTA O GIRAR EN “U”, EN EL LUGAR A QUE SE REFIERE LA SENAL.",PROHIBIDO DAR MEDIA VUELTA O GIRAR EN U,164
57,Estacionamiento prohibido los días pares,La prohibición de estacionar se aplica solo los días pares en el lado de la vía en que está situada la señal.,3,3,2,1,estacionamiento_prohibido_los_dias_pares.png,LA PROHIBICION DE ESTACIONAR SE APLICA SOLO LOS DIAS PARES EN EL LADO DE LA VIA EN QUE ESTA SITUADA LA SENAL.,ESTACIONAMIENTO PROHIBIDO LOS DIAS PARES,164
58,Circulación prohibida si no mantiene una separación indicada,"Cuando no es mantenida entre vehículos la distancia mínima de metros que indica la señal.
 
",3,3,2,1,circulacion_prohibida_cuando_no_es_mantenida_entre_vehiculos_la_distancia_minima.png,"CUANDO NO ES MANTENIDA ENTRE VEHICULOS LA DISTANCIA MINIMA DE METROS QUE INDICA LA SENAL.
 
",CIRCULACION PROHIBIDA SI NO MANTIENE UNA SEPARACION INDICADA,164
59,Circulación prohibida a los vehículos de tracción animal,Circulación prohibida a los vehículos de tracción animal.,3,3,2,1,circulacion_prohibida_a_los_vehiculos_de_traccion_animal.png,CIRCULACION PROHIBIDA A LOS VEHICULOS DE TRACCION ANIMAL.,CIRCULACION PROHIBIDA A LOS VEHICULOS DE TRACCION ANIMAL,164
60,Prohibido girar a la derecha en la intersección,Indica que el vehículo no puede girar a la derecha por la intersección a que se refiere la señal.,3,3,2,1,prohibido_girar_a_la_derecha_en_la_interseccion.png,INDICA QUE EL VEHICULO NO PUEDE GIRAR A LA DERECHA POR LA INTERSECCION A QUE SE REFIERE LA SENAL.,PROHIBIDO GIRAR A LA DERECHA EN LA INTERSECCION,164
61,Estacionamiento prohibido,"Prohibido estacionar o parquear en el lado de la vía en que está situada la señal; la prohibición se aplica a partir de la vertical de la señal
hasta la próxima intersección con una vía; mediante placa complementaria se puede exceptuar de la prohibición a determinados usuarios.
",3,3,2,1,estacionamiento_prohibido.png,"PROHIBIDO ESTACIONAR O PARQUEAR EN EL LADO DE LA VIA EN QUE ESTA SITUADA LA SENAL; LA PROHIBICION SE APLICA A PARTIR DE LA VERTICAL DE LA SENAL
HASTA LA PROXIMA INTERSECCION CON UNA VIA; MEDIANTE PLACA COMPLEMENTARIA SE PUEDE EXCEPTUAR DE LA PROHIBICION A DETERMINADOS USUARIOS.
",ESTACIONAMIENTO PROHIBIDO,164
62,Prohibición de pasar sin detenerse,"Prohíbe pasar sin detenerse, por lo que el alto es obligatorio para todo vehículo; en la señal debe indicarse el motivo del alto.",3,3,2,1,prohibicion_de_pasar_sin_detenerse.png,"PROHIBE PASAR SIN DETENERSE, POR LO QUE EL ALTO ES OBLIGATORIO PARA TODO VEHICULO; EN LA SENAL DEBE INDICARSE EL MOTIVO DEL ALTO.",PROHIBICION DE PASAR SIN DETENERSE,164
63,Prohibido girar a la izquierda en la intersección,Indica que el vehículo no puede girar a la izquierda en la intersección a que se refiere la señal.,3,3,2,1,prohibido_girar_a_la_izquierda_en_la_interseccion.png,INDICA QUE EL VEHICULO NO PUEDE GIRAR A LA IZQUIERDA EN LA INTERSECCION A QUE SE REFIERE LA SENAL.,PROHIBIDO GIRAR A LA IZQUIERDA EN LA INTERSECCION,164
64,Prohibido adelantar,"Prohibición de adelantar a cualquiera de los vehículos de motor que circulan por la vía, excepto a los ciclos y a las motocicletas de dos ruedas y ciclomotores.
",3,3,2,1,prohibido_adelantar.png,"PROHIBICION DE ADELANTAR A CUALQUIERA DE LOS VEHICULOS DE MOTOR QUE CIRCULAN POR LA VIA, EXCEPTO A LOS CICLOS Y A LAS MOTOCICLETAS DE DOS RUEDAS Y CICLOMOTORES.
",PROHIBIDO ADELANTAR,164
65,"Circulación prohibida a todos los vehículos de motor, e incluye las motocicletas y ciclomotores","Circulación prohibida a todos los vehículos de motor, e incluye las motocicletas y ciclomotores.
",3,3,2,1,circulacion_prohibida_a_todos_los_vehiculos_de_motor_e_incluye_las_motocicletas_y_ciclomotores.png,"CIRCULACION PROHIBIDA A TODOS LOS VEHICULOS DE MOTOR, E INCLUYE LAS MOTOCICLETAS Y CICLOMOTORES.
","CIRCULACION PROHIBIDA A TODOS LOS VEHICULOS DE MOTOR, E INCLUYE LAS MOTOCICLETAS Y CICLOMOTORES",164
66,Circulación prohibida a las motocicletas y ciclomotores,Circulación prohibida a las motocicletas y ciclomotores.,3,3,2,1,circulacion_prohibida_a_las_motocicletas_y_ciclomotores.png,CIRCULACION PROHIBIDA A LAS MOTOCICLETAS Y CICLOMOTORES.,CIRCULACION PROHIBIDA A LAS MOTOCICLETAS Y CICLOMOTORES,164
67,Acceso prohibido,"Prohibición de circular por la vía a todos los vehículos, en el sentido hacia el cual indica la señal.
",3,3,2,1,acceso_prohibido.png,"PROHIBICION DE CIRCULAR POR LA VIA A TODOS LOS VEHICULOS, EN EL SENTIDO HACIA EL CUAL INDICA LA SENAL.
",ACCESO PROHIBIDO,164
68,Prohibición de tirar fotos,Prohíbe tirar o hacer fotografías en el área en que está situada la señal.,3,3,2,1,prohibicion_de_tirar_fotos.png,PROHIBE TIRAR O HACER FOTOGRAFIAS EN EL AREA EN QUE ESTA SITUADA LA SENAL.,PROHIBICION DE TIRAR FOTOS,164
69,Estacionamiento prohibido los días impares ,La prohibición de estacionar se aplica solo los días impares en el lado de la vía en que está situada la señal.,3,3,2,1,estacionamiento_prohibido_los_dias_impares.png,LA PROHIBICION DE ESTACIONAR SE APLICA SOLO LOS DIAS IMPARES EN EL LADO DE LA VIA EN QUE ESTA SITUADA LA SENAL.,ESTACIONAMIENTO PROHIBIDO LOS DIAS IMPARES ,164
70,Circulación  prohibida a  los  vehículos  destinados  a transporte de carga que sobrepasan un peso máximo autorizado de 3 500 kilogramos,"Circulación  prohibida a  los  vehículos  destinados  a transporte de carga que sobrepasan un peso máximo autorizado de 3 500 kilogramos.
",3,3,2,1,circulacion_prohibida_a_los_vehiculos_destinados_a_transporte_de_carga_que_sobrepasan.png,"CIRCULACION  PROHIBIDA A  LOS  VEHICULOS  DESTINADOS  A TRANSPORTE DE CARGA QUE SOBREPASAN UN PESO MAXIMO AUTORIZADO DE 3 500 KILOGRAMOS.
",CIRCULACION  PROHIBIDA A  LOS  VEHICULOS  DESTINADOS  A TRANSPORTE DE CARGA QUE SOBREPASAN UN PESO MAXIMO AUTORIZADO DE 3 500 KILOGRAMOS,164
71,Circulación prohibida a todo vehiculo agrícola,"Circulación prohibida a todos los vehículos agrícolas de motor.
",3,3,2,1,circulacion_prohibida_a_todo_vehiculo_agricola_de_motor.png,"CIRCULACION PROHIBIDA A TODOS LOS VEHICULOS AGRICOLAS DE MOTOR.
",CIRCULACION PROHIBIDA A TODO VEHICULO AGRICOLA,164
72,Circulación prohibida a todo vehiculo con remolque,"Circulación prohibida a todo vehículo de motor con remolque que no sea un semirremolque o un remolque de un solo eje.
",3,3,2,1,circulacion_prohibida_a_todo_vehiculo_con_remolque.png,"CIRCULACION PROHIBIDA A TODO VEHICULO DE MOTOR CON REMOLQUE QUE NO SEA UN SEMIRREMOLQUE O UN REMOLQUE DE UN SOLO EJE.
",CIRCULACION PROHIBIDA A TODO VEHICULO CON REMOLQUE,164
74,Circulación prohibida a los ciclos,Circulación prohibida a los ciclos.,3,3,2,1,circulacion_prohibida_a_los_ciclos.png,CIRCULACION PROHIBIDA A LOS CICLOS.,CIRCULACION PROHIBIDA A LOS CICLOS,164
75,Prohibido el uso de señales acústicas,"Prohíbe la utilización de señales acústicas, salvo para evitar un accidente.",3,3,2,1,prohibido_el_uso_de_senales_acusticas.png,"PROHIBE LA UTILIZACION DE SENALES ACUSTICAS, SALVO PARA EVITAR UN ACCIDENTE.",PROHIBIDO EL USO DE SENALES ACUSTICAS,164
76,Circulación prohibida a peatones,Circulación prohibida a los peatones.,3,3,2,1,circulacion_prohibida_a_los_peatones.png,CIRCULACION PROHIBIDA A LOS PEATONES.,CIRCULACION PROHIBIDA A PEATONES,164
77,Circulación prohibida,"Prohibición de circular por la vía a todos los vehículos.
",3,3,2,1,circulacion_prohibida.png,"PROHIBICION DE CIRCULAR POR LA VIA A TODOS LOS VEHICULOS.
",CIRCULACION PROHIBIDA,164
78,Circulación prohibida a los vehículos de un peso superior al que indica la señal para cada eje,"Circulación prohibida a los vehículos de un peso superior al que indica la señal para cada eje.
",3,3,2,1,circulacion_prohibida_a_los_vehiculos_de_un_peso_superior_al_que_indica_la_senal.png,"CIRCULACION PROHIBIDA A LOS VEHICULOS DE UN PESO SUPERIOR AL QUE INDICA LA SENAL PARA CADA EJE.
",CIRCULACION PROHIBIDA A LOS VEHICULOS DE UN PESO SUPERIOR AL QUE INDICA LA SENAL PARA CADA EJE,164
79,Circulación prohibida a carros de mano,Circulación prohibida a los carros de mano.,3,3,2,1,circulacion_prohibida_a_los_carros_de_manos.png,CIRCULACION PROHIBIDA A LOS CARROS DE MANO.,CIRCULACION PROHIBIDA A CARROS DE MANO,164
80,Zona de estacionamiento regulada,Zona de estacionamiento regulada,3,2,2,1,zona_de_estacionamiento_regulada.png,ZONA DE ESTACIONAMIENTO REGULADA,ZONA DE ESTACIONAMIENTO REGULADA,164
81,Sentido obligatorio,Indica a los conductores de vehículos el sentido que deben seguir obligatoriamente en el punto donde está situada la señal; puede indicar dos sentidos.,4,3,4,1,sentido_obligatorio.png,INDICA A LOS CONDUCTORES DE VEHICULOS EL SENTIDO QUE DEBEN SEGUIR OBLIGATORIAMENTE EN EL PUNTO DONDE ESTA SITUADA LA SENAL; PUEDE INDICAR DOS SENTIDOS.,SENTIDO OBLIGATORIO,166
82,Vía obligatoria para peatones,"Indica que los peatones están obligados a utilizar la vía a que se refiere la señal y que ningún vehículo tiene derecho a usarla.
",4,3,4,1,via_obligatoria_para_peatones.png,"INDICA QUE LOS PEATONES ESTAN OBLIGADOS A UTILIZAR LA VIA A QUE SE REFIERE LA SENAL Y QUE NINGUN VEHICULO TIENE DERECHO A USARLA.
",VIA OBLIGATORIA PARA PEATONES,166
84,Paso obligatorio,Indica a los conductores de vehículos que deben pasar obligatoriamente por el lado del obstáculo que señala la flecha.,4,3,4,1,paso_obligatorio.png,INDICA A LOS CONDUCTORES DE VEHICULOS QUE DEBEN PASAR OBLIGATORIAMENTE POR EL LADO DEL OBSTACULO QUE SENALA LA FLECHA.,PASO OBLIGATORIO,166
86,Vía obligatoria para camiones,"Indica a los conductores de camiones de peso superior a 3 500 kilogramos que tienen la obligación de circular por la vía señalada.
",4,3,4,1,via_obligatoria_para_camiones.png,"INDICA A LOS CONDUCTORES DE CAMIONES DE PESO SUPERIOR A 3 500 KILOGRAMOS QUE TIENEN LA OBLIGACION DE CIRCULAR POR LA VIA SENALADA.
",VIA OBLIGATORIA PARA CAMIONES,166
88,Sentido giratorio,Indica que la circulación giratoria es obligatoria en el sentido que señala la flecha de acuerdo con las normas que rigen.,4,3,4,1,sentido_giratorio.png,INDICA QUE LA CIRCULACION GIRATORIA ES OBLIGATORIA EN EL SENTIDO QUE SENALA LA FLECHA DE ACUERDO CON LAS NORMAS QUE RIGEN.,SENTIDO GIRATORIO,166
91,Velocidad mínima obligatoria,"Indica que los vehículos que circulan por la vía donde está colocada la señal no pueden circular a una velocidad menor que la que está indicada.
",4,3,4,1,velocidad_minima_obligatoria_30.png,"INDICA QUE LOS VEHICULOS QUE CIRCULAN POR LA VIA DONDE ESTA COLOCADA LA SENAL NO PUEDEN CIRCULAR A UNA VELOCIDAD MENOR QUE LA QUE ESTA INDICADA.
",VELOCIDAD MINIMA OBLIGATORIA,166
98,Vía obligatoria para las motocicletas de dos ruedas y ciclomotores,Indica que los vehículos de esta clase tienen la obligación de circular por la vía señalada.,4,3,4,1,via_obligatoria_para_motocicletas.png,INDICA QUE LOS VEHICULOS DE ESTA CLASE TIENEN LA OBLIGACION DE CIRCULAR POR LA VIA SENALADA.,VIA OBLIGATORIA PARA LAS MOTOCICLETAS DE DOS RUEDAS Y CICLOMOTORES,166
99,Vía obligatoria para ciclistas,"Indica que los ciclistas están obligados a utilizar esa vía o la parte de la vía a que se refiere la flecha si la tuviese, y que los conductores de los demás vehículos no tienen derecho a usarla.
",4,3,4,1,via_obligatoria_para_ciclistas.png,"INDICA QUE LOS CICLISTAS ESTAN OBLIGADOS A UTILIZAR ESA VIA O LA PARTE DE LA VIA A QUE SE REFIERE LA FLECHA SI LA TUVIESE, Y QUE LOS CONDUCTORES DE LOS DEMAS VEHICULOS NO TIENEN DERECHO A USARLA.
",VIA OBLIGATORIA PARA CICLISTAS,166
100,Vía obligatoria para automóviles,"Indica a los conductores de automóviles, excepto las motocicletas de dos ruedas y ciclomotores, que tienen la obligación de circular por la vía señalada.
",4,3,4,1,via_obligatoria_para_automoviles.png,"INDICA A LOS CONDUCTORES DE AUTOMOVILES, EXCEPTO LAS MOTOCICLETAS DE DOS RUEDAS Y CICLOMOTORES, QUE TIENEN LA OBLIGACION DE CIRCULAR POR LA VIA SENALADA.
",VIA OBLIGATORIA PARA AUTOMOVILES,166
101,Vía obligatoria para vehículos de tracción animal,Indica que los vehículos de tracción animal tienen la obligación de circular por la vía señalada.,4,3,4,1,via_obligatoria_para_vehiculos_de_traccion_animal.png,INDICA QUE LOS VEHICULOS DE TRACCION ANIMAL TIENEN LA OBLIGACION DE CIRCULAR POR LA VIA SENALADA.,VIA OBLIGATORIA PARA VEHICULOS DE TRACCION ANIMAL,166
102,Vía obligatoria para jinetes,"Indica que los jinetes están obligados a utilizar la vía a que se refiere la señal y que los vehículos no tienen derecho a usarla.

",4,3,4,1,via_obligatoria_para_jinetes.png,"INDICA QUE LOS JINETES ESTAN OBLIGADOS A UTILIZAR LA VIA A QUE SE REFIERE LA SENAL Y QUE LOS VEHICULOS NO TIENEN DERECHO A USARLA.

",VIA OBLIGATORIA PARA JINETES,166
103,Vía obligatoria para ómnibus,Indica a los conductores de ómnibus que tienen la obligación de circular por la vía señalada.,4,3,4,1,via_obligatoria_para_omnibus.png,INDICA A LOS CONDUCTORES DE OMNIBUS QUE TIENEN LA OBLIGACION DE CIRCULAR POR LA VIA SENALADA.,VIA OBLIGATORIA PARA OMNIBUS,166
104,Fin de prohibición de adelantamiento a los vehículos de motor,Indica el fin de la restricción de adelantar impuesta a los vehículos de motor.,5,3,6,1,fin_de_prohibicion_de_adelantamiento_a_los_vehiculos_de_motor.png,INDICA EL FIN DE LA RESTRICCION DE ADELANTAR IMPUESTA A LOS VEHICULOS DE MOTOR.,FIN DE PROHIBICION DE ADELANTAMIENTO A LOS VEHICULOS DE MOTOR,168
105,Fin de restricción del límite máximo de velocidad ,"Indica el cese de la restricción del límite de velocidad establecido para un tramo de la vía.
",5,3,6,1,fin_de_restriccion_del_limite_maximo_de_velocidad.png,"INDICA EL CESE DE LA RESTRICCION DEL LIMITE DE VELOCIDAD ESTABLECIDO PARA UN TRAMO DE LA VIA.
",FIN DE RESTRICCION DEL LIMITE MAXIMO DE VELOCIDAD ,168
107,Fin de todas las prohibiciones de carácter local,Indica que quedan sin efecto todas las prohibiciones de carácter local establecidas a los usuarios de la vía.,5,3,6,1,fin_de_todas_las_prohibiciones_de_caracter_local.png,INDICA QUE QUEDAN SIN EFECTO TODAS LAS PROHIBICIONES DE CARACTER LOCAL ESTABLECIDAS A LOS USUARIOS DE LA VIA.,FIN DE TODAS LAS PROHIBICIONES DE CARACTER LOCAL,168
108,Fin de velocidad mínima obligatoria,Indica que deja de ser obligatoria la velocidad mínima establecida.,5,3,6,1,fin_de_velocidad_minima_obligatoria.png,INDICA QUE DEJA DE SER OBLIGATORIA LA VELOCIDAD MINIMA ESTABLECIDA.,FIN DE VELOCIDAD MINIMA OBLIGATORIA,168
109,Terreno para campismo,Terreno para campismo,6,2,4,1,terreno_para_campismo.png,TERRENO PARA CAMPISMO,TERRENO PARA CAMPISMO,170
111,Sentido de circulación,"Indica que la vía es de una sola dirección en el sentido que muestra la flecha. Se coloca paralela al eje de la vía a que se refiere la señal.
",6,2,4,1,sentido_de_circulacion.png,"INDICA QUE LA VIA ES DE UNA SOLA DIRECCION EN EL SENTIDO QUE MUESTRA LA FLECHA. SE COLOCA PARALELA AL EJE DE LA VIA A QUE SE REFIERE LA SENAL.
",SENTIDO DE CIRCULACION,170
112,Vía en sentido único,Indica que la vía por la cual se transita es en el sentido que señala la flecha de la señal. Se coloca en forma perpendicular al eje de la vía por la que se circula.,6,4,4,1,via_en_sentido_unico.png,INDICA QUE LA VIA POR LA CUAL SE TRANSITA ES EN EL SENTIDO QUE SENALA LA FLECHA DE LA SENAL. SE COLOCA EN FORMA PERPENDICULAR AL EJE DE LA VIA POR LA QUE SE CIRCULA.,VIA EN SENTIDO UNICO,170
113,Paso de peatones,"<br>a) con franjas tipo cebra: indica a los usuarios de la vía el punto donde el peatones puede realizar el cruce con prioridad.<br>
b) mediante dos líneas paralelas: indica a los usuarios de la vía el punto donde el peatón puede realizar el cruce, sin concederle prioridad.

",6,4,4,1,paso_de_peatones_con_franjas_tipo_cebra.png,"<BR>A) CON FRANJAS TIPO CEBRA: INDICA A LOS USUARIOS DE LA VIA EL PUNTO DONDE EL PEATONES PUEDE REALIZAR EL CRUCE CON PRIORIDAD.<BR>
B) MEDIANTE DOS LINEAS PARALELAS: INDICA A LOS USUARIOS DE LA VIA EL PUNTO DONDE EL PEATON PUEDE REALIZAR EL CRUCE, SIN CONCEDERLE PRIORIDAD.

",PASO DE PEATONES,170
114,Paso de personas con discapacidad físico motora,Paso de personas con discapacidad físico motora.,6,4,4,1,paso_de_personas_con_discapacidad_fisico_motora.png,PASO DE PERSONAS CON DISCAPACIDAD FISICO MOTORA.,PASO DE PERSONAS CON DISCAPACIDAD FISICO MOTORA,170
115,Puesto telefónico,Puesto telefónico.,6,2,4,1,puesto_telefonico.png,PUESTO TELEFONICO.,PUESTO TELEFONICO,170
116,Estación de servicios,Estación de servicios,6,2,4,1,estacion_de_servicio.png,ESTACION DE SERVICIOS,ESTACION DE SERVICIOS,170
117,Taller de reparaciones,Taller de reparaciones,6,2,4,1,taller_de_reparaciones.png,TALLER DE REPARACIONES,TALLER DE REPARACIONES,170
118,Parque nacional o zoológico,Parque nacional o zoológico.,6,2,4,1,parque_nacional_o_zoologico.png,PARQUE NACIONAL O ZOOLOGICO.,PARQUE NACIONAL O ZOOLOGICO,170
119,Monumento nacional,Monumento nacional,6,2,4,1,monumento_nacional.png,MONUMENTO NACIONAL,MONUMENTO NACIONAL,170
121,Policlínico,Policlínico,6,2,4,1,policlinico.png,POLICLINICO,POLICLINICO,170
122,Cafetería,Cafetería,6,2,4,1,cafeteria.png,CAFETERIA,CAFETERIA,170
123,Restaurante,Restaurante,6,2,4,1,restaurante.png,RESTAURANTE,RESTAURANTE,170
124,Motel u hotel,Motel u hotel,6,2,4,1,motel_u_hotel.png,MOTEL U HOTEL,MOTEL U HOTEL,170
125,Parada de ómnibus,Indica el lugar destinado exclusivamente para la detención momentánea de los vehículos dedicados al transporte colectivo de pasajeros por ómnibus.,6,2,4,1,parada_de_omnibus.png,INDICA EL LUGAR DESTINADO EXCLUSIVAMENTE PARA LA DETENCION MOMENTANEA DE LOS VEHICULOS DEDICADOS AL TRANSPORTE COLECTIVO DE PASAJEROS POR OMNIBUS.,PARADA DE OMNIBUS,170
126,Hospital,"Indica a los usuarios de la vía la proximidad de un hospital, debiendo adoptar las precauciones necesarias y evitar los ruidos.",6,4,4,1,hospital.png,"INDICA A LOS USUARIOS DE LA VIA LA PROXIMIDAD DE UN HOSPITAL, DEBIENDO ADOPTAR LAS PRECAUCIONES NECESARIAS Y EVITAR LOS RUIDOS.",HOSPITAL,170
128,Lugar acondicionado para excursiones,Lugar acondicionado para excursiones.,6,2,4,1,lugar_acondicionado_para_excursiones.png,LUGAR ACONDICIONADO PARA EXCURSIONES.,LUGAR ACONDICIONADO PARA EXCURSIONES,170
129,Lugar pintoresco,Lugar pintoresco.,6,4,4,1,lugar_pintoresco.png,LUGAR PINTORESCO.,LUGAR PINTORESCO,170
130,Paso de peatones a desnivel,Paso de peatones a desnivel.,6,4,4,1,paso_de_peatones_a_desnivel.png,PASO DE PEATONES A DESNIVEL.,PASO DE PEATONES A DESNIVEL,170
131,Carretera para automóviles,"Indica que a partir de ese punto son aplicables las reglas y normas que rigen la circulación en vías que no son autopistas, que estén reservadas a la circulación de automóviles y no sean de acceso a las propiedades colindantes.",6,4,4,1,carretera_para_automoviles.png,"INDICA QUE A PARTIR DE ESE PUNTO SON APLICABLES LAS REGLAS Y NORMAS QUE RIGEN LA CIRCULACION EN VIAS QUE NO SON AUTOPISTAS, QUE ESTEN RESERVADAS A LA CIRCULACION DE AUTOMOVILES Y NO SEAN DE ACCESO A LAS PROPIEDADES COLINDANTES.",CARRETERA PARA AUTOMOVILES,170
132,Fin de carretera para automóviles,Indica que en un punto posterior a la señal finaliza la carretera para automóviles.,6,4,4,1,fin_de_carretera_para_automoviles.png,INDICA QUE EN UN PUNTO POSTERIOR A LA SENAL FINALIZA LA CARRETERA PARA AUTOMOVILES.,FIN DE CARRETERA PARA AUTOMOVILES,170
133,Estación de servicios y taller de reparaciones,Estación de servicios y taller de reparaciones.,6,4,4,1,estacion_de_servicios_y_taller.png,ESTACION DE SERVICIOS Y TALLER DE REPARACIONES.,ESTACION DE SERVICIOS Y TALLER DE REPARACIONES,170
137,Vía sin salida,Vía sin salida.,6,4,4,1,via_sin_salida.png,VIA SIN SALIDA.,VIA SIN SALIDA,170
140,Autopista,Indica el comienzo de una autopista.,6,2,3,1,autopista.png,INDICA EL COMIENZO DE UNA AUTOPISTA.,AUTOPISTA,170
141,Fin de circulación de autopista,Indica el punto a partir del cual finaliza la autopista.,6,2,3,1,fin_de_circulacion_de_autopista.png,INDICA EL PUNTO A PARTIR DEL CUAL FINALIZA LA AUTOPISTA.,FIN DE CIRCULACION DE AUTOPISTA,170
142,Placa que indica el tiempo de la acción de la señal,"Indica los horarios y días de la semana de vigencia de la señal.
",7,2,6,1,placa_que_indica_el_tiempo_de_accion_de_la_senal.png,"INDICA LOS HORARIOS Y DIAS DE LA SEMANA DE VIGENCIA DE LA SENAL.
",PLACA QUE INDICA EL TIEMPO DE LA ACCION DE LA SENAL,172
143,Placa que indica la longitud del tramo peligroso o restringido,Indica la distancia que abarca la prohibición o restricción.,7,2,6,1,placa_que_indica_la_longitud_del_tramo_peligroso_o_restringido.png,INDICA LA DISTANCIA QUE ABARCA LA PROHIBICION O RESTRICCION.,PLACA QUE INDICA LA LONGITUD DEL TRAMO PELIGROSO O RESTRINGIDO,172
144,Placa que indica el tipo de vehículo a que la señal se refiere,Placa que indica el tipo de vehículo a que la señal se refiere.,7,2,6,1,placa_que_indica_el_tipo_de_vehiculo_a_que_la_senal_se_refiere.png,PLACA QUE INDICA EL TIPO DE VEHICULO A QUE LA SENAL SE REFIERE.,PLACA QUE INDICA EL TIPO DE VEHICULO A QUE LA SENAL SE REFIERE,172
147,Señal de ruta,Indica la codificación de la carretera.,7,4,4,1,senales_de_ruta.png,INDICA LA CODIFICACION DE LA CARRETERA.,SENAL DE RUTA,172
148,Placa que indica el esquema de la intersección que se aproxima y la vía que posee preferencia en esa intersección,Placa que indica el esquema de la intersección que se aproxima y la vía que posee preferencia en esa intersección.,7,4,6,1,placa_que_indica_el_esquema_de_la_interseccion_que_se_aproxima_y_la_via_que_posee_preferencia.png,PLACA QUE INDICA EL ESQUEMA DE LA INTERSECCION QUE SE APROXIMA Y LA VIA QUE POSEE PREFERENCIA EN ESA INTERSECCION.,PLACA QUE INDICA EL ESQUEMA DE LA INTERSECCION QUE SE APROXIMA Y LA VIA QUE POSEE PREFERENCIA EN ESA INTERSECCION,172
149,Señal de hito kilométrico,"Indica, en forma consecutiva, los kilómetros de las vías rurales, desde su comienzo hasta su final.
",7,4,3,1,senales_de_hito_kilometrico.png,"INDICA, EN FORMA CONSECUTIVA, LOS KILOMETROS DE LAS VIAS RURALES, DESDE SU COMIENZO HASTA SU FINAL.
",SENAL DE HITO KILOMETRICO,172
150,Señal de ruta para autopista,"Indica el número que identifica la autopista.
",7,4,3,1,senales_de_ruta_para_autopista.png,"INDICA EL NUMERO QUE IDENTIFICA LA AUTOPISTA.
",SENAL DE RUTA PARA AUTOPISTA,172
152,Velocidad máxima aconsejable,Indica la conveniencia de no rebasar la velocidad señalada.,7,4,4,1,velocidad_maxima_aconsejable.png,INDICA LA CONVENIENCIA DE NO REBASAR LA VELOCIDAD SENALADA.,VELOCIDAD MAXIMA ACONSEJABLE,172
156,Señal de confirmación,Reitera la información brindada por la señal de destino.,7,2,4,1,senal_de_confirmacion.png,REITERA LA INFORMACION BRINDADA POR LA SENAL DE DESTINO.,SENAL DE CONFIRMACION,172
157,Señal de población,"Indica el lugar donde comienza una zona urbana, mediante el nombre de la ciudad o pueblo de que se trate.
",7,2,4,1,senal_de_poblacion.png,"INDICA EL LUGAR DONDE COMIENZA UNA ZONA URBANA, MEDIANTE EL NOMBRE DE LA CIUDAD O PUEBLO DE QUE SE TRATE.
",SENAL DE POBLACION,172
158,Señal de fin de población,Indica el lugar donde termina la zona urbana por la que se transita.,7,2,4,1,senal_de_fin_de_poblacion.png,INDICA EL LUGAR DONDE TERMINA LA ZONA URBANA POR LA QUE SE TRANSITA.,SENAL DE FIN DE POBLACION,172
159,Señales de preseñalización,"Indican el recorrido, el carril o senda que debe seguir el vehículo para realizar el movimiento o giro que quiere efectuar su conductor, así
como las regulaciones que puede tener la vía que pretende tomar.
",7,2,3,1,senales_de_presenalizacion.png,"INDICAN EL RECORRIDO, EL CARRIL O SENDA QUE DEBE SEGUIR EL VEHICULO PARA REALIZAR EL MOVIMIENTO O GIRO QUE QUIERE EFECTUAR SU CONDUCTOR, ASI
COMO LAS REGULACIONES QUE PUEDE TENER LA VIA QUE PRETENDE TOMAR.
",SENALES DE PRESENALIZACION,172
160,Cruce con dos o mas vías férreas alternativa,"También se puede utilizar, para los casos anteriores, una señal que consiste en dos rectángulos que se cruzan, de fondo color blanco e inscripciones en color negro.<BR>
En el caso del numeral 2, puede colocarse una placa adicional para indicar el número de líneas que cruzan, si son dos o más.",8,5,6,1,cruce_con_dos_o_mas_vias_ferreas_sin_barreras_o_semibarreras.png,"TAMBIEN SE PUEDE UTILIZAR, PARA LOS CASOS ANTERIORES, UNA SENAL QUE CONSISTE EN DOS RECTANGULOS QUE SE CRUZAN, DE FONDO COLOR BLANCO E INSCRIPCIONES EN COLOR NEGRO.<BR>
EN EL CASO DEL NUMERAL 2, PUEDE COLOCARSE UNA PLACA ADICIONAL PARA INDICAR EL NUMERO DE LINEAS QUE CRUZAN, SI SON DOS O MAS.",CRUCE CON DOS O MAS VIAS FERREAS ALTERNATIVA,173
161,Cruce con una sola vía férrea ,Indica el cruce con una vía férrea simple; está formada por dos rectángulos de fondo color blanco y orla roja que se cruzan.,8,5,6,1,cruce_con_una_sola_via_ferrea_sin_barreras_o_semibarreras.png,INDICA EL CRUCE CON UNA VIA FERREA SIMPLE; ESTA FORMADA POR DOS RECTANGULOS DE FONDO COLOR BLANCO Y ORLA ROJA QUE SE CRUZAN.,CRUCE CON UNA SOLA VIA FERREA ,173
164,Doble curva peligrosa a la izquierda,"Indica la proximidad a dos o más curvas, la primera a la izquierda.",1,1,1,1,doble_curva_peligrosa_a_la_izquierda.png,"INDICA LA PROXIMIDAD A DOS O MAS CURVAS, LA PRIMERA A LA IZQUIERDA.",DOBLE CURVA PELIGROSA A LA IZQUIERDA,160
165,Subida de gran pendiente,Indica la proximidad a una subida peligrosa a causa de su inclinación o de su longitud.,1,1,1,1,subida_de_gran_pendiente.png,INDICA LA PROXIMIDAD A UNA SUBIDA PELIGROSA A CAUSA DE SU INCLINACION O DE SU LONGITUD.,SUBIDA DE GRAN PENDIENTE,160
166,Salida a un muelle o a una orilla,"Indica que la vía desemboca en un muelle o una orilla.
",1,1,1,1,salida_a_un_muelle_o_a_una_orilla.png,"INDICA QUE LA VIA DESEMBOCA EN UN MUELLE O UNA ORILLA.
",SALIDA A UN MUELLE O A UNA ORILLA,160
167,Ceda el paso con luz verde,"Indica a los conductores de vehículos que pueden realizar giros de izquierda, con extrema precaución, cediendo el paso a los
vehículos que circulan en sentido opuesto en intersecciones semaforizadas donde está permitida esta maniobra, una vez que haya cesado la fase que establece este giro y mientras se mantenga la luz verde.
",2,2,4,1,ceda_el_paso_con_luz_verde.png,"INDICA A LOS CONDUCTORES DE VEHICULOS QUE PUEDEN REALIZAR GIROS DE IZQUIERDA, CON EXTREMA PRECAUCION, CEDIENDO EL PASO A LOS
VEHICULOS QUE CIRCULAN EN SENTIDO OPUESTO EN INTERSECCIONES SEMAFORIZADAS DONDE ESTA PERMITIDA ESTA MANIOBRA, UNA VEZ QUE HAYA CESADO LA FASE QUE ESTABLECE ESTE GIRO Y MIENTRAS SE MANTENGA LA LUZ VERDE.
",CEDA EL PASO CON LUZ VERDE,162
168,Circulación prohibida a los vehículos de un peso en carga superior al que indica la señal,"Circulación prohibida a los vehículos de un peso en carga superior al que indica la señal.
",3,3,2,1,circulacion_prohibida_a_los_vehiculos_de_un_peso_en_carga_superior_al_que_indica_la_senal.png,"CIRCULACION PROHIBIDA A LOS VEHICULOS DE UN PESO EN CARGA SUPERIOR AL QUE INDICA LA SENAL.
",CIRCULACION PROHIBIDA A LOS VEHICULOS DE UN PESO EN CARGA SUPERIOR AL QUE INDICA LA SENAL,164
169,Prohibido estacionar o parquear o hacer cualquier detención momentánea,"La prohibición se aplica en el lado de la vía en que está situada la señal, a partir de la vertical de esta hasta la próxima intersección con una vía.
",3,3,2,1,prohibido_estacionar_o_parquear_o_hacer_cualquier_detencion_momentanea.png,"LA PROHIBICION SE APLICA EN EL LADO DE LA VIA EN QUE ESTA SITUADA LA SENAL, A PARTIR DE LA VERTICAL DE ESTA HASTA LA PROXIMA INTERSECCION CON UNA VIA.
",PROHIBIDO ESTACIONAR O PARQUEAR O HACER CUALQUIER DETENCION MOMENTANEA,164
170,Prohibido adelantar a los vehículos de carga  y pasajeros,"Prohibición de adelantar para los vehículos destinados al transporte de pasajeros, de carga y especiales cuyo peso máximo autorizado exceda los 3 500 kilogramos; el límite de peso máximo autorizado puede variar si está señalado en una placa complementaria.

 
",3,3,2,1,prohibido_adelantar_a_los_vehiculos_de_carga__y_pasajeros.png,"PROHIBICION DE ADELANTAR PARA LOS VEHICULOS DESTINADOS AL TRANSPORTE DE PASAJEROS, DE CARGA Y ESPECIALES CUYO PESO MAXIMO AUTORIZADO EXCEDA LOS 3 500 KILOGRAMOS; EL LIMITE DE PESO MAXIMO AUTORIZADO PUEDE VARIAR SI ESTA SENALADO EN UNA PLACA COMPLEMENTARIA.

 
",PROHIBIDO ADELANTAR A LOS VEHICULOS DE CARGA  Y PASAJEROS,164
250,Fin de prohibición de adelantamiento a los vehículos mayores de un peso máximo autorizado a 3 500 kilogramos,"Indica el fin de la restricción de adelantar impuesta a esos tipos de vehículos.
",5,3,6,1,fin_de_prohibicion_de_adelantamiento_a_los_vehiculos_vehiculos_mayores.png,"INDICA EL FIN DE LA RESTRICCION DE ADELANTAR IMPUESTA A ESOS TIPOS DE VEHICULOS.
",FIN DE PROHIBICION DE ADELANTAMIENTO A LOS VEHICULOS MAYORES DE UN PESO MAXIMO AUTORIZADO A 3 500 KILOGRAMOS,168
171,"Fin de ciclo carril, ciclo vía o vía exclusiva","Indica que a partir de ese punto finaliza la vía para ciclos, u otro tipo de vehículos que se indique en la señal.",5,3,6,1,"fin_de_ciclo_carril,_ciclo_via_o_via_exclusiva.png","INDICA QUE A PARTIR DE ESE PUNTO FINALIZA LA VIA PARA CICLOS, U OTRO TIPO DE VEHICULOS QUE SE INDIQUE EN LA SENAL.","FIN DE CICLO CARRIL, CICLO VIA O VIA EXCLUSIVA",168
172,Fin de alumbrado de corto alcance,Indica a los conductores el fin de la obligación de circular con el alumbrado de corto alcance.,5,3,6,1,fin_de_alumbrado_de_corto_alcance.png,INDICA A LOS CONDUCTORES EL FIN DE LA OBLIGACION DE CIRCULAR CON EL ALUMBRADO DE CORTO ALCANCE.,FIN DE ALUMBRADO DE CORTO ALCANCE,168
173,Alumbrado de corto alcance,Indica a los conductores la obligación de circular desde el lugar en que esté situada la señal hasta otra de fin de esta obligación.,4,3,4,1,alumbrado_de_corto_alcance.png,INDICA A LOS CONDUCTORES LA OBLIGACION DE CIRCULAR DESDE EL LUGAR EN QUE ESTE SITUADA LA SENAL HASTA OTRA DE FIN DE ESTA OBLIGACION.,ALUMBRADO DE CORTO ALCANCE,166
174,Estacionamiento de vehículos,"Informa el lugar y forma destinado para el estacionamiento de vehículos. Puede indicarse, en una placa adicional, el tipo de vehículo para el que está destinado ese parqueo, así como la forma de estacionarse.",6,4,3,1,estacionamiento_de_vehiculos.png,"INFORMA EL LUGAR Y FORMA DESTINADO PARA EL ESTACIONAMIENTO DE VEHICULOS. PUEDE INDICARSE, EN UNA PLACA ADICIONAL, EL TIPO DE VEHICULO PARA EL QUE ESTA DESTINADO ESE PARQUEO, ASI COMO LA FORMA DE ESTACIONARSE.",ESTACIONAMIENTO DE VEHICULOS,170
175,Paso de ciegos o débiles visuales,Paso de ciegos o débiles visuales.,6,4,3,1,paso_de_ciegos_o_debiles_visuales.png,PASO DE CIEGOS O DEBILES VISUALES.,PASO DE CIEGOS O DEBILES VISUALES,170
176,Áreas de descanso,Áreas de descanso.,6,2,3,1,areas_de_descanso.png,ÁREAS DE DESCANSO.,ÁREAS DE DESCANSO,170
177,Auxilio en carretera,"Indica la situación del poste, puesto de socorro o el punto de control de carretera más cercano desde el que se puede solicitar auxilio en caso de accidente o avería, la señal puede indicar la distancia a la que este se encuentra.
",6,4,3,1,auxilio_en_carretera.png,"INDICA LA SITUACION DEL POSTE, PUESTO DE SOCORRO O EL PUNTO DE CONTROL DE CARRETERA MAS CERCANO DESDE EL QUE SE PUEDE SOLICITAR AUXILIO EN CASO DE ACCIDENTE O AVERIA, LA SENAL PUEDE INDICAR LA DISTANCIA A LA QUE ESTE SE ENCUENTRA.
",AUXILIO EN CARRETERA,170
178,Teléfono de emergencia,"Indica la situación de un teléfono de emergencia.
",6,2,3,1,telefono_de_emergencia.png,"INDICA LA SITUACION DE UN TELEFONO DE EMERGENCIA.
",TELEFONO DE EMERGENCIA,170
180,Terreno para remolques de campismo,Terreno para remolques de campismo.,6,2,3,1,terreno_para_remolques_de_campismo.png,TERRENO PARA REMOLQUES DE CAMPISMO.,TERRENO PARA REMOLQUES DE CAMPISMO,170
181,Terreno para campismo y remolques de campismo,Terreno para campismo y remolques de campismo.,6,4,3,1,terreno_para_campismo_y_remolques_de_campismo.png,TERRENO PARA CAMPISMO Y REMOLQUES DE CAMPISMO.,TERRENO PARA CAMPISMO Y REMOLQUES DE CAMPISMO,170
182,Albergue de juventud,Albergue de juventud.,6,2,3,1,albergue_de_juventud.png,ALBERGUE DE JUVENTUD.,ALBERGUE DE JUVENTUD,170
183,Lugar acondicionado como punto de partida de excursiones a pie,"Lugar acondicionado como punto de partida de excursiones a pie.
",6,2,3,1,lugar_acondicionado_como_punto_de_partida_de_excursiones_a_pie.png,"LUGAR ACONDICIONADO COMO PUNTO DE PARTIDA DE EXCURSIONES A PIE.
",LUGAR ACONDICIONADO COMO PUNTO DE PARTIDA DE EXCURSIONES A PIE,170
184,Señal de desvío,"Indica la existencia de un desvío y la dirección a tomar.
",7,2,3,1,senal_de_desvio.png,"INDICA LA EXISTENCIA DE UN DESVIO Y LA DIRECCION A TOMAR.
",SENAL DE DESVIO,172
185,Señal de carril o senda especial,"Indica que el carril o senda es solamente para la circulación del vehículo que muestra la señal.
",7,2,4,1,senal_de_carril_o_senda_especial.png,"INDICA QUE EL CARRIL O SENDA ES SOLAMENTE PARA LA CIRCULACION DEL VEHICULO QUE MUESTRA LA SENAL.
",SENAL DE CARRIL O SENDA ESPECIAL,172
186,Señales elevadas,"Indican la dirección correcta que se debe tomar; estas señales se colocan sobre los carriles o sendas correspondientes.
",7,2,4,1,senales_elevadas.png,"INDICAN LA DIRECCION CORRECTA QUE SE DEBE TOMAR; ESTAS SENALES SE COLOCAN SOBRE LOS CARRILES O SENDAS CORRESPONDIENTES.
",SENALES ELEVADAS,172
187,Placa que indica la distancia entre la señal y el comienzo del peligro o restricción,Placa que indica la distancia entre la señal y el comienzo del peligro o restricción.,7,2,3,1,placa_que_indica_el_comienzo_de_del_peligro_o_restriccion.png,PLACA QUE INDICA LA DISTANCIA ENTRE LA SENAL Y EL COMIENZO DEL PELIGRO O RESTRICCION.,PLACA QUE INDICA LA DISTANCIA ENTRE LA SENAL Y EL COMIENZO DEL PELIGRO O RESTRICCION,172
189,"Placa que indica el sentido de circulación de la vía a la que está dirigida la regulación, prohibición o información a que se refiere la propia señal","Placa que indica el sentido de circulación de la vía a la que está dirigida la regulación, prohibición o información a que se refiere la propia señal",7,2,3,1,placa_que_indica_el_sentido_de_circulacion_de_la_via_a_la_que_esta_dirigida_la_regulacion.png,"PLACA QUE INDICA EL SENTIDO DE CIRCULACION DE LA VIA A LA QUE ESTA DIRIGIDA LA REGULACION, PROHIBICION O INFORMACION A QUE SE REFIERE LA PROPIA SENAL","PLACA QUE INDICA EL SENTIDO DE CIRCULACION DE LA VIA A LA QUE ESTA DIRIGIDA LA REGULACION, PROHIBICION O INFORMACION A QUE SE REFIERE LA PROPIA SENAL",172
190,Placa que indica la senda o carril a la que la señal se refiere,Placa que indica la senda o carril a la que la señal se refiere.,7,4,3,1,placa_que_indica_la_senda_o_carril_a_la_que_la_senal_se_refiere.png,PLACA QUE INDICA LA SENDA O CARRIL A LA QUE LA SENAL SE REFIERE.,PLACA QUE INDICA LA SENDA O CARRIL A LA QUE LA SENAL SE REFIERE,172
191,Placa que indica la distancia que existe entre ella y la señal de “Pare” en la intersección,Placa que indica la distancia que existe entre ella y la señal de “Pare” en la intersección.,7,2,3,1,placa_que_indica_la_distancia_que_existe_entre_ella_y_la_senal_de_pare.png,PLACA QUE INDICA LA DISTANCIA QUE EXISTE ENTRE ELLA Y LA SENAL DE “PARE” EN LA INTERSECCION.,PLACA QUE INDICA LA DISTANCIA QUE EXISTE ENTRE ELLA Y LA SENAL DE “PARE” EN LA INTERSECCION,172
192,Placa que indica la forma en que deben estacionarse los vehículos,Placa que indica la forma en que deben estacionarse los vehículos,7,2,3,1,placa_que_indica_la_forma_en_que_deben_estacionarse_los_vehiculos.png,PLACA QUE INDICA LA FORMA EN QUE DEBEN ESTACIONARSE LOS VEHICULOS,PLACA QUE INDICA LA FORMA EN QUE DEBEN ESTACIONARSE LOS VEHICULOS,172
193,Giro en “U” permitido,"Indica el lugar donde está permitido el giro en “U” o media vuelta sobre la propia vía.
",7,4,3,1,giro_en_u_permitido.png,"INDICA EL LUGAR DONDE ESTA PERMITIDO EL GIRO EN “U” O MEDIA VUELTA SOBRE LA PROPIA VIA.
",GIRO EN “U” PERMITIDO,172
194,Vía para vehículos lentos,"Indica la vía que han de utilizar los vehículos lentos que pueden, sin embargo, abandonarla para efectuar adelantamiento.
",7,4,3,1,via_para_vehiculos_lentos.png,"INDICA LA VIA QUE HAN DE UTILIZAR LOS VEHICULOS LENTOS QUE PUEDEN, SIN EMBARGO, ABANDONARLA PARA EFECTUAR ADELANTAMIENTO.
",VIA PARA VEHICULOS LENTOS,172
195,Peligro de incendio,"Indica la posibilidad de incendio en los bosques por la imprudencia de los usuarios de la vía.
",7,2,3,1,peligro_de_incendio.png,"INDICA LA POSIBILIDAD DE INCENDIO EN LOS BOSQUES POR LA IMPRUDENCIA DE LOS USUARIOS DE LA VIA.
",PELIGRO DE INCENDIO,172
196,Placa que indica un peligro ante las condiciones provocadas por la lluvia,Placa que indica un peligro ante las condiciones provocadas por la lluvia,7,2,3,1,placa_que_indica_un_peligro_ante_las_condiciones_provocadas_por_la_lluvia.png,PLACA QUE INDICA UN PELIGRO ANTE LAS CONDICIONES PROVOCADAS POR LA LLUVIA,PLACA QUE INDICA UN PELIGRO ANTE LAS CONDICIONES PROVOCADAS POR LA LLUVIA,172
197,Placa que indica un lugar frecuentado por personas con discapacidad físico motora,Placa que indica un lugar frecuentado por personas con discapacidad físico motora.,7,2,3,1,indica_un_lugar_frecuentado_por_personas_con_discapacidad_fisico_motora.png,PLACA QUE INDICA UN LUGAR FRECUENTADO POR PERSONAS CON DISCAPACIDAD FISICO MOTORA.,PLACA QUE INDICA UN LUGAR FRECUENTADO POR PERSONAS CON DISCAPACIDAD FISICO MOTORA,172
198,Barrera para el cierre de vías,"Tiene por objetivo impedir el paso de los vehículos y peatones según su ubicación en la vía. Está constituida por una barra dispuesta horizontalmente, franjeado con bandas alternas de color negro o amarillo, rojo o blanco. Estas pueden estar provistas de luces, las cuales están encendidas permanentemente o de forma intermitente, o de dispositivos reflectantes.
",9,2,5,1,barrera_para_el_cierre_de_vias.png,"TIENE POR OBJETIVO IMPEDIR EL PASO DE LOS VEHICULOS Y PEATONES SEGUN SU UBICACION EN LA VIA. ESTA CONSTITUIDA POR UNA BARRA DISPUESTA HORIZONTALMENTE, FRANJEADO CON BANDAS ALTERNAS DE COLOR NEGRO O AMARILLO, ROJO O BLANCO. ESTAS PUEDEN ESTAR PROVISTAS DE LUCES, LAS CUALES ESTAN ENCENDIDAS PERMANENTEMENTE O DE FORMA INTERMITENTE, O DE DISPOSITIVOS REFLECTANTES.
",BARRERA PARA EL CIERRE DE VIAS,174
249,Barreras para el cambio de los sentidos de la circulación,"Tienen por objetivo impedir el paso de los vehículos y a la vez orientarlos en los sentidos de circulación permisibles. Está constituida por una barra dispuesta horizontalmente, franjeado en forma de “V” según los sentidos de circulación con bandas alternas en colores
blanco y rojo.
",9,2,5,1,barreras_para_el_cambio_de_los_sentidos_de_la_circulacion.png,"TIENEN POR OBJETIVO IMPEDIR EL PASO DE LOS VEHICULOS Y A LA VEZ ORIENTARLOS EN LOS SENTIDOS DE CIRCULACION PERMISIBLES. ESTA CONSTITUIDA POR UNA BARRA DISPUESTA HORIZONTALMENTE, FRANJEADO EN FORMA DE “V” SEGUN LOS SENTIDOS DE CIRCULACION CON BANDAS ALTERNAS EN COLORES
BLANCO Y ROJO.
",BARRERAS PARA EL CAMBIO DE LOS SENTIDOS DE LA CIRCULACION,174
199,Conos,"Tienen por objetivo encauzar el tránsito en determinado régimen de circulación provisional y prohibir cruzar la línea imaginaria que los une.
",9,6,5,1,conos.png,"TIENEN POR OBJETIVO ENCAUZAR EL TRANSITO EN DETERMINADO REGIMEN DE CIRCULACION PROVISIONAL Y PROHIBIR CRUZAR LA LINEA IMAGINARIA QUE LOS UNE.
",CONOS,174
200,Poste delimitador,"Tiene por objetivo delimitar el borde de la vía y está constituido por una unidad reflectante montada en un soporte adecuado.
",9,6,5,1,poste_delimitador.png,"TIENE POR OBJETIVO DELIMITAR EL BORDE DE LA VIA Y ESTA CONSTITUIDO POR UNA UNIDAD REFLECTANTE MONTADA EN UN SOPORTE ADECUADO.
",POSTE DELIMITADOR,174
201,Semiesfera o múcura,"Objeto de forma semiesferoidal utilizado en la canalización del tránsito y empleado como sustituto de los contenes.
",9,6,5,1,semiesfera_o_mucura.png,"OBJETO DE FORMA SEMIESFEROIDAL UTILIZADO EN LA CANALIZACION DEL TRANSITO Y EMPLEADO COMO SUSTITUTO DE LOS CONTENES.
",SEMIESFERA O MUCURA,174
202,Baranda para peatones,"Tiene como objetivo encauzar la circulación de los peatones en el acceso de estos a la calzada, y pueden hacerlo únicamente por las aberturas o extremos de aquella.",9,2,5,1,baranda_para_peatones.png,"TIENE COMO OBJETIVO ENCAUZAR LA CIRCULACION DE LOS PEATONES EN EL ACCESO DE ESTOS A LA CALZADA, Y PUEDEN HACERLO UNICAMENTE POR LAS ABERTURAS O EXTREMOS DE AQUELLA.",BARANDA PARA PEATONES,174
203,Capta faro u ojo de gato,"Dispositivo que se coloca en el eje de la vía, en la divisoria de los carriles o sendas u obstáculos, para orientar a los conductores de vehículos en horas nocturnas.
",9,6,5,1,capta_faro_u_ojo_de_gato.png,"DISPOSITIVO QUE SE COLOCA EN EL EJE DE LA VIA, EN LA DIVISORIA DE LOS CARRILES O SENDAS U OBSTACULOS, PARA ORIENTAR A LOS CONDUCTORES DE VEHICULOS EN HORAS NOCTURNAS.
",CAPTA FARO U OJO DE GATO,174
204,Cadena,Tiene por objetivo regular el paso de los vehículos según su ubicación en la vía. Está constituida por una cadena extendida entre dos elementos portantes.,9,6,5,1,cadena.png,TIENE POR OBJETIVO REGULAR EL PASO DE LOS VEHICULOS SEGUN SU UBICACION EN LA VIA. ESTA CONSTITUIDA POR UNA CADENA EXTENDIDA ENTRE DOS ELEMENTOS PORTANTES.,CADENA,174
205,Bolardos,"Tiene por objetivo impedir el paso de los vehículos según su ubicación en la vía. Están constituidos por elementos en forma de balas de cañón empotrados en el pavimento.
",9,6,5,1,bolardos.png,"TIENE POR OBJETIVO IMPEDIR EL PASO DE LOS VEHICULOS SEGUN SU UBICACION EN LA VIA. ESTAN CONSTITUIDOS POR ELEMENTOS EN FORMA DE BALAS DE CANON EMPOTRADOS EN EL PAVIMENTO.
",BOLARDOS,174
206,Banda sonora,"Marcas transversales o paralelas al sentido de la circulación, a bajo relieve o de textura diferente al pavimento de la vía, para alertar a los conductores de vehículos sobre la proximidad de un peligro mediante la emisión de un sonido.
",9,2,5,1,banda_sonora.png,"MARCAS TRANSVERSALES O PARALELAS AL SENTIDO DE LA CIRCULACION, A BAJO RELIEVE O DE TEXTURA DIFERENTE AL PAVIMENTO DE LA VIA, PARA ALERTAR A LOS CONDUCTORES DE VEHICULOS SOBRE LA PROXIMIDAD DE UN PELIGRO MEDIANTE LA EMISION DE UN SONIDO.
",BANDA SONORA,174
207,Señal digital,Indicador electrónico que puede trasmitir diferentes mensajes a los usuarios de la vía.,9,2,5,1,senal_digital.png,INDICADOR ELECTRONICO QUE PUEDE TRASMITIR DIFERENTES MENSAJES A LOS USUARIOS DE LA VIA.,SENAL DIGITAL,174
208,Línea continua,"Ningún vehículo puede cruzarla o circular sobre ella.
",10,1,1,2,linea_continua.png,"NINGUN VEHICULO PUEDE CRUZARLA O CIRCULAR SOBRE ELLA.
",LINEA CONTINUA,178
209,Línea discontinua,"Los vehículos pueden cruzarla según lo requieran; si la discontinuidad de la línea es con intervalos menores que el largo del trazo, significa que está próxima a continuar en línea continua.
",10,1,1,2,linea_discontinua.png,"LOS VEHICULOS PUEDEN CRUZARLA SEGUN LO REQUIERAN; SI LA DISCONTINUIDAD DE LA LINEA ES CON INTERVALOS MENORES QUE EL LARGO DEL TRAZO, SIGNIFICA QUE ESTA PROXIMA A CONTINUAR EN LINEA CONTINUA.
",LINEA DISCONTINUA,178
210,Doble línea continua,"Ningún vehículo puede cruzarla, ni circular sobre ella. Anuncia una peligrosidad mayor.
",10,1,1,2,doble_linea_continua.png,"NINGUN VEHICULO PUEDE CRUZARLA, NI CIRCULAR SOBRE ELLA. ANUNCIA UNA PELIGROSIDAD MAYOR.
",DOBLE LINEA CONTINUA,178
211,"Líneas paralelas, continuas y discontinuas","Los conductores no pueden cruzarla cuando a su lado izquierdo está
primero la línea continua, y pueden cruzarlas solamente cuando tengan a ese mismo lado la línea discontinua. Una vez efectuado el adelantamiento, los conductores para ocupar el carril o senda normal de la vía pueden cruzar la línea continua sin tener en cuenta la prohibición de este numeral.
",10,1,1,2,"lineas_paralelas,_continuas_y_discontinuas.png","LOS CONDUCTORES NO PUEDEN CRUZARLA CUANDO A SU LADO IZQUIERDO ESTA
PRIMERO LA LINEA CONTINUA, Y PUEDEN CRUZARLAS SOLAMENTE CUANDO TENGAN A ESE MISMO LADO LA LINEA DISCONTINUA. UNA VEZ EFECTUADO EL ADELANTAMIENTO, LOS CONDUCTORES PARA OCUPAR EL CARRIL O SENDA NORMAL DE LA VIA PUEDEN CRUZAR LA LINEA CONTINUA SIN TENER EN CUENTA LA PROHIBICION DE ESTE NUMERAL.
","LINEAS PARALELAS, CONTINUAS Y DISCONTINUAS",178
212,Línea continua en el borde derecho de la calzada en el sentido de la circulación,"Es el límite derecho de la calzada que puede cruzarse para efectuar una detención, sin que el vehículo quede en una posición tal que afecte
o perjudique la circulación de los demás usuarios.
",10,1,1,2,linea_continua_en_el_borde_derecho_de_la_calzada_en_el_sentido_de_la_circulacion.png,"ES EL LIMITE DERECHO DE LA CALZADA QUE PUEDE CRUZARSE PARA EFECTUAR UNA DETENCION, SIN QUE EL VEHICULO QUEDE EN UNA POSICION TAL QUE AFECTE
O PERJUDIQUE LA CIRCULACION DE LOS DEMAS USUARIOS.
",LINEA CONTINUA EN EL BORDE DERECHO DE LA CALZADA EN EL SENTIDO DE LA CIRCULACION,178
213,Línea continua de canalización,"Delimita los carriles o sendas en las áreas críticas de la circulación.
",10,1,1,2,linea_continua_de_canalizacion.png,"DELIMITA LOS CARRILES O SENDAS EN LAS AREAS CRITICAS DE LA CIRCULACION.
",LINEA CONTINUA DE CANALIZACION,178
214,Línea de “Pare”,"Indica que el conductor está obligado a detenerse ante ella por estar ante la señal de “Pare” o la señal de luz amarilla o roja del semáforo; es una franja ancha, continua, trazada a todo lo ancho de cada carril
o, senda; también puede emplearse en los pasos a nivel.<BR>
Estas marcas pueden llevar delante escrita sobre la calzada la palabra “Pare” tantas veces como se entienda necesario.

",11,1,1,2,linea_de_pare.png,"INDICA QUE EL CONDUCTOR ESTA OBLIGADO A DETENERSE ANTE ELLA POR ESTAR ANTE LA SENAL DE “PARE” O LA SENAL DE LUZ AMARILLA O ROJA DEL SEMAFORO; ES UNA FRANJA ANCHA, CONTINUA, TRAZADA A TODO LO ANCHO DE CADA CARRIL
O, SENDA; TAMBIEN PUEDE EMPLEARSE EN LOS PASOS A NIVEL.<BR>
ESTAS MARCAS PUEDEN LLEVAR DELANTE ESCRITA SOBRE LA CALZADA LA PALABRA “PARE” TANTAS VECES COMO SE ENTIENDA NECESARIO.

",LINEA DE “PARE”,179
215,Línea de “Ceda el Paso”,"Indica que los conductores no deben normalmente pasarla cuando tienen que ceder el paso por estar instalada la señal de ese nombre. Es una franja ancha discontinua trazada a todo lo ancho de cada carril o senda. Antes de esta marca puede llevar escrito sobre la calzada otra marca en forma de triángulo, de línea gruesa, con uno de sus lados paralelos a la línea discontinua y el vértice opuesto dirigido hacia los  vehículos que se aproximan.
",11,1,1,2,linea_de_ceda_el_paso.png,"INDICA QUE LOS CONDUCTORES NO DEBEN NORMALMENTE PASARLA CUANDO TIENEN QUE CEDER EL PASO POR ESTAR INSTALADA LA SENAL DE ESE NOMBRE. ES UNA FRANJA ANCHA DISCONTINUA TRAZADA A TODO LO ANCHO DE CADA CARRIL O SENDA. ANTES DE ESTA MARCA PUEDE LLEVAR ESCRITO SOBRE LA CALZADA OTRA MARCA EN FORMA DE TRIANGULO, DE LINEA GRUESA, CON UNO DE SUS LADOS PARALELOS A LA LINEA DISCONTINUA Y EL VERTICE OPUESTO DIRIGIDO HACIA LOS  VEHICULOS QUE SE APROXIMAN.
",LINEA DE “CEDA EL PASO”,179
216,Franja de cruce de peatón,"Indica el lugar destinado para que los peatones crucen la vía mediante la marca tipo cebra, con preferencia en el cruce sobre los vehículos.",11,1,1,2,franja_de_cruce_de_peaton.png,"INDICA EL LUGAR DESTINADO PARA QUE LOS PEATONES CRUCEN LA VIA MEDIANTE LA MARCA TIPO CEBRA, CON PREFERENCIA EN EL CRUCE SOBRE LOS VEHICULOS.",FRANJA DE CRUCE DE PEATON,179
217,Doble línea para el cruce de peatones,"Consiste en dos líneas que forman una senda o carril e indican el lugar
destinado a los peatones que cruzan la vía, sin preferencia en el cruce.
",11,1,1,2,doble_linea_para_el_cruce_de_peatones.png,"CONSISTE EN DOS LINEAS QUE FORMAN UNA SENDA O CARRIL E INDICAN EL LUGAR
DESTINADO A LOS PEATONES QUE CRUZAN LA VIA, SIN PREFERENCIA EN EL CRUCE.
",DOBLE LINEA PARA EL CRUCE DE PEATONES,179
218,Marca de paso a nivel,"Indica la proximidad de un paso a nivel. Es la figura de una “X” sobre la vía con las letras “F” y “C” en los ángulos izquierdo y derecho de la
“X”. Antes y después de la “X” se coloca una línea transversal de detención. En vías de más de una senda, esta marca debe repetirse en cada una de ellas.
",11,1,1,2,marca_de_paso_a_nivel.png,"INDICA LA PROXIMIDAD DE UN PASO A NIVEL. ES LA FIGURA DE UNA “X” SOBRE LA VIA CON LAS LETRAS “F” Y “C” EN LOS ANGULOS IZQUIERDO Y DERECHO DE LA
“X”. ANTES Y DESPUES DE LA “X” SE COLOCA UNA LINEA TRANSVERSAL DE DETENCION. EN VIAS DE MAS DE UNA SENDA, ESTA MARCA DEBE REPETIRSE EN CADA UNA DE ELLAS.
",MARCA DE PASO A NIVEL,179
219,Marcas que prohíben la circulación sobre ellas,Iindican zonas sobre las cuales los vehículos no pueden transitar ni estacionarse; son líneas oblicuas con relación al sentido de la marcha.,12,1,1,2,marcas_que_prohiben_la_circulacion_sobre_ellas.png,IINDICAN ZONAS SOBRE LAS CUALES LOS VEHICULOS NO PUEDEN TRANSITAR NI ESTACIONARSE; SON LINEAS OBLICUAS CON RELACION AL SENTIDO DE LA MARCHA.,MARCAS QUE PROHIBEN LA CIRCULACION SOBRE ELLAS,180
220,Flechas de selección de carriles,"Se emplean en la proximidad de las intersecciones para indicar el tipo de movimiento que se permite desde cada carril.
",12,1,1,2,flechas_de_seleccion_de_carriles.png,"SE EMPLEAN EN LA PROXIMIDAD DE LAS INTERSECCIONES PARA INDICAR EL TIPO DE MOVIMIENTO QUE SE PERMITE DESDE CADA CARRIL.
",FLECHAS DE SELECCION DE CARRILES,180
221,Flechas de salidas,"Se emplean para indicar el lugar donde se puede iniciar el cambio de carril o senda para tomar otro de salida de una autopista o vía rápida.
",12,1,1,2,flechas_de_salidas.png,"SE EMPLEAN PARA INDICAR EL LUGAR DONDE SE PUEDE INICIAR EL CAMBIO DE CARRIL O SENDA PARA TOMAR OTRO DE SALIDA DE UNA AUTOPISTA O VIA RAPIDA.
",FLECHAS DE SALIDAS,180
222,Flecha de retorno o deflectora,"Indica la proximidad de una línea continua en vías de dos o tres carriles y doble sentido de circulación y por lo tanto la obligación de reincorporarse al carril situado a la derecha.
",12,1,1,2,flecha_de_retorno_o_deflectora.png,"INDICA LA PROXIMIDAD DE UNA LINEA CONTINUA EN VIAS DE DOS O TRES CARRILES Y DOBLE SENTIDO DE CIRCULACION Y POR LO TANTO LA OBLIGACION DE REINCORPORARSE AL CARRIL SITUADO A LA DERECHA.
",FLECHA DE RETORNO O DEFLECTORA,180
223,Flecha de fin de carril,"Indica que el carril en que está situada termina próximamente y es preciso seguir su indicación.
",12,1,1,2,flecha_de_fin_de_carril.png,"INDICA QUE EL CARRIL EN QUE ESTA SITUADA TERMINA PROXIMAMENTE Y ES PRECISO SEGUIR SU INDICACION.
",FLECHA DE FIN DE CARRIL,180
224,Flecha de giro en “U”,Indica la proximidad de un lugar de la vía para girar en “U”,12,1,1,2,flecha_de_giro_en_u.png,INDICA LA PROXIMIDAD DE UN LUGAR DE LA VIA PARA GIRAR EN “U”,FLECHA DE GIRO EN “U”,180
225,Líneas continuas paralelas,"Delimitan áreas destinadas al estacionamiento de vehículos, así como áreas de prohibición. En ambos casos puede pintarse también toda la superficie del contén comprendido entre dichas líneas.
",12,1,1,2,lineas_continuas_paralelas.png,"DELIMITAN AREAS DESTINADAS AL ESTACIONAMIENTO DE VEHICULOS, ASI COMO AREAS DE PROHIBICION. EN AMBOS CASOS PUEDE PINTARSE TAMBIEN TODA LA SUPERFICIE DEL CONTEN COMPRENDIDO ENTRE DICHAS LINEAS.
",LINEAS CONTINUAS PARALELAS,180
226,Líneas direccionales discontinuas,Señalan la dirección que deben seguir los vehículos cuando se realiza un giro en una intersección.,12,1,1,2,lineas_direccionales_discontinuas.png,SENALAN LA DIRECCION QUE DEBEN SEGUIR LOS VEHICULOS CUANDO SE REALIZA UN GIRO EN UNA INTERSECCION.,LINEAS DIRECCIONALES DISCONTINUAS,180
227,Líneas de obstáculos,"Indican la presencia de un obstáculo colocado sobre o junto al área de circulación; son inclinadas y con una combinación de franjas de colores blanco y negro
",12,1,1,2,lineas_de_obstaculos.png,"INDICAN LA PRESENCIA DE UN OBSTACULO COLOCADO SOBRE O JUNTO AL AREA DE CIRCULACION; SON INCLINADAS Y CON UNA COMBINACION DE FRANJAS DE COLORES BLANCO Y NEGRO
",LINEAS DE OBSTACULOS,180
228,Línea de aviso,"Consiste en una serie de líneas transversales espaciadas para lograr una disminución progresiva y cómoda de la velocidad de los vehículos ante un peligro o prohibición.
",12,1,1,2,linea_de_aviso.png,"CONSISTE EN UNA SERIE DE LINEAS TRANSVERSALES ESPACIADAS PARA LOGRAR UNA DISMINUCION PROGRESIVA Y COMODA DE LA VELOCIDAD DE LOS VEHICULOS ANTE UN PELIGRO O PROHIBICION.
",LINEA DE AVISO,180
229,Prohibición de estacionamiento,"Consiste en una línea discontinua pintada en el contén o mediante una línea en zig-zag, significa que está prohibido el estacionamiento en la zona marcada.
",12,1,1,2,prohibicion_de_estacionamiento.png,"CONSISTE EN UNA LINEA DISCONTINUA PINTADA EN EL CONTEN O MEDIANTE UNA LINEA EN ZIG-ZAG, SIGNIFICA QUE ESTA PROHIBIDO EL ESTACIONAMIENTO EN LA ZONA MARCADA.
",PROHIBICION DE ESTACIONAMIENTO,180
230,Prohibición de detención,"Consiste en una línea continua pintada en el contén, significa que el estacionamiento y la detención momentánea están prohibidos en la zona marcada.
",12,1,1,2,prohibicion_de_detencion.png,"CONSISTE EN UNA LINEA CONTINUA PINTADA EN EL CONTEN, SIGNIFICA QUE EL ESTACIONAMIENTO Y LA DETENCION MOMENTANEA ESTAN PROHIBIDOS EN LA ZONA MARCADA.
",PROHIBICION DE DETENCION,180
231,Cuadrícula de líneas amarillas,"Sistema de líneas cuadriculadas amarillas que forman un retículo, recuerda a los conductores la prohibición de entrar en la intersección cuando previsiblemente pueda quedar inmovilizado en ella de forma que impida u obstruya la circulación transversal.
",12,1,1,2,cuadricula_de_lineas_amarillas.png,"SISTEMA DE LINEAS CUADRICULADAS AMARILLAS QUE FORMAN UN RETICULO, RECUERDA A LOS CONDUCTORES LA PROHIBICION DE ENTRAR EN LA INTERSECCION CUANDO PREVISIBLEMENTE PUEDA QUEDAR INMOVILIZADO EN ELLA DE FORMA QUE IMPIDA U OBSTRUYA LA CIRCULACION TRANSVERSAL.
",CUADRICULA DE LINEAS AMARILLAS,180
232,BUS,Indica el área destinada a la parada de los ómnibus.,12,1,1,2,bus.png,INDICA EL AREA DESTINADA A LA PARADA DE LOS OMNIBUS.,BUS,180
233,Atención en alto,"Levantando el brazo verticalmente, significa que todos los usuarios de la vía deben detener- se de inmediato.
",13,1,1,3,atencion_alto.png,"LEVANTANDO EL BRAZO VERTICALMENTE, SIGNIFICA QUE TODOS LOS USUARIOS DE LA VIA DEBEN DETENER- SE DE INMEDIATO.
",ATENCION EN ALTO,63
234,Alto,"Con uno o los dos brazos extendidos horizontalmente como continuación de su hombro, significa que todos los usuarios de la vía que se encuentren de frente o a su espalda deben detenerse de inmediato y que solamente los que se encuentran en igual sentido de
dirección del brazo pueden continuar en el mismo sentido o realizar todas aquellas maniobras que no están prohibidas en el cruce o intersección.
",13,1,1,3,alto.png,"CON UNO O LOS DOS BRAZOS EXTENDIDOS HORIZONTALMENTE COMO CONTINUACION DE SU HOMBRO, SIGNIFICA QUE TODOS LOS USUARIOS DE LA VIA QUE SE ENCUENTREN DE FRENTE O A SU ESPALDA DEBEN DETENERSE DE INMEDIATO Y QUE SOLAMENTE LOS QUE SE ENCUENTRAN EN IGUAL SENTIDO DE
DIRECCION DEL BRAZO PUEDEN CONTINUAR EN EL MISMO SENTIDO O REALIZAR TODAS AQUELLAS MANIOBRAS QUE NO ESTAN PROHIBIDAS EN EL CRUCE O INTERSECCION.
",ALTO,63
235,Brazo extendido horizontalmente al frente,"Indica a los conductores de los vehículos que se encuentran a su izquierda, que pueden circular en todas las direcciones y a los peatones, que pueden cruzar a su espalda.
",13,1,1,3,pueden_circular_en_todas_las_direcciones.png,"INDICA A LOS CONDUCTORES DE LOS VEHICULOS QUE SE ENCUENTRAN A SU IZQUIERDA, QUE PUEDEN CIRCULAR EN TODAS LAS DIRECCIONES Y A LOS PEATONES, QUE PUEDEN CRUZAR A SU ESPALDA.
",BRAZO EXTENDIDO HORIZONTALMENTE AL FRENTE,63
236,Balanceo manual de una luz roja,"Significa, para los usuarios de la vía hacia los cuales está dirigida la luz,
que deben detenerse
",13,1,1,3,baston_luminico.png,"SIGNIFICA, PARA LOS USUARIOS DE LA VIA HACIA LOS CUALES ESTA DIRIGIDA LA LUZ,
QUE DEBEN DETENERSE
",BALANCEO MANUAL DE UNA LUZ ROJA,63
237,Brazo extendido desplazándolo en forma oblicua,"Indica al conductor del vehículo el contén o borde de la vía donde debe detenerse.
",13,1,1,3,detenerse.png,"INDICA AL CONDUCTOR DEL VEHICULO EL CONTEN O BORDE DE LA VIA DONDE DEBE DETENERSE.
",BRAZO EXTENDIDO DESPLAZANDOLO EN FORMA OBLICUA,63
238,Detención de un vehículo desde otro,"Extender el brazo horizontalmente o accionar de forma intermitente la luz de la baliza, la sirena o ambas, para indicar al conductor que debe detenerse delante del vehículo policial.
",13,1,1,3,detencion_de_un_vehiculo_desde_otro.png,"EXTENDER EL BRAZO HORIZONTALMENTE O ACCIONAR DE FORMA INTERMITENTE LA LUZ DE LA BALIZA, LA SIRENA O AMBAS, PARA INDICAR AL CONDUCTOR QUE DEBE DETENERSE DELANTE DEL VEHICULO POLICIAL.
",DETENCION DE UN VEHICULO DESDE OTRO,63
239,Empleo de banderas,"Desde un vehículo policial puede regular la circulación, mediante el empleo de banderas que son percibidas claramente por los usuarios de la vía:<BR>
a) roja: indica que, a partir del paso del vehículo que la porta, la calzada queda temporalmente cerrada a la circulación de los usuarios de la vía, excepto para aquellos que son acompañados o escoltados por los agentes de la autoridad responsable de la regulación y control de la circulación vial;<BR>
b) verde: indica que, a partir del paso del vehículo que la porta, la calzada queda de nuevo abierta a la circulación;<BR>
c) amarilla: indica a los usuarios de la vía la proximidad de un peligro y la necesidad de extremar la atención;
",13,1,1,3,regular_la_circulacion_mediante_banderas.png,"DESDE UN VEHICULO POLICIAL PUEDE REGULAR LA CIRCULACION, MEDIANTE EL EMPLEO DE BANDERAS QUE SON PERCIBIDAS CLARAMENTE POR LOS USUARIOS DE LA VIA:<BR>
A) ROJA: INDICA QUE, A PARTIR DEL PASO DEL VEHICULO QUE LA PORTA, LA CALZADA QUEDA TEMPORALMENTE CERRADA A LA CIRCULACION DE LOS USUARIOS DE LA VIA, EXCEPTO PARA AQUELLOS QUE SON ACOMPANADOS O ESCOLTADOS POR LOS AGENTES DE LA AUTORIDAD RESPONSABLE DE LA REGULACION Y CONTROL DE LA CIRCULACION VIAL;<BR>
B) VERDE: INDICA QUE, A PARTIR DEL PASO DEL VEHICULO QUE LA PORTA, LA CALZADA QUEDA DE NUEVO ABIERTA A LA CIRCULACION;<BR>
C) AMARILLA: INDICA A LOS USUARIOS DE LA VIA LA PROXIMIDAD DE UN PELIGRO Y LA NECESIDAD DE EXTREMAR LA ATENCION;
",EMPLEO DE BANDERAS,63
240,Cruce con dos o más vías ferreas,Indica que dos o más vías férreas pasan por el paso a nivel. Está formada por dos rectángulos que se cruzan y una “V” invertida debajo de ellos; todas las franjas son de fondo color blanco y orla roja.,8,5,6,1,cruce_con_dos_o_mas_vias_ferreas.png,INDICA QUE DOS O MAS VIAS FERREAS PASAN POR EL PASO A NIVEL. ESTA FORMADA POR DOS RECTANGULOS QUE SE CRUZAN Y UNA “V” INVERTIDA DEBAJO DE ELLOS; TODAS LAS FRANJAS SON DE FONDO COLOR BLANCO Y ORLA ROJA.,CRUCE CON DOS O MAS VIAS FERREAS,173
241,Luz verde con flecha,"Cuando la luz verde se proyecte con flecha, solo se permite a los conductores de los vehículos continuar la marcha en el sentido que indique aquella, independientemente del sentido de circulación de la vía.",14,2,6,4,luz_verde_con_flecha.png,"CUANDO LA LUZ VERDE SE PROYECTE CON FLECHA, SOLO SE PERMITE A LOS CONDUCTORES DE LOS VEHICULOS CONTINUAR LA MARCHA EN EL SENTIDO QUE INDIQUE AQUELLA, INDEPENDIENTEMENTE DEL SENTIDO DE CIRCULACION DE LA VIA.",LUZ VERDE CON FLECHA,152
242,Secciones adicionales al semáforo normal,"Cuando existen secciones adicionales al semáforo normal, los conductores pueden continuar la marcha en el sentido en que indican las flechas con independencia de la luz proyectada en el sistema tricolor.",14,2,6,4,secciones_adicionales_al_semaforo_normal.png,"CUANDO EXISTEN SECCIONES ADICIONALES AL SEMAFORO NORMAL, LOS CONDUCTORES PUEDEN CONTINUAR LA MARCHA EN EL SENTIDO EN QUE INDICAN LAS FLECHAS CON INDEPENDENCIA DE LA LUZ PROYECTADA EN EL SISTEMA TRICOLOR.",SECCIONES ADICIONALES AL SEMAFORO NORMAL,152
243,Semáforos de ocupación de carril,"Los semáforos de ocupación de carril constan de uno o más lentes, se ubican encima de los carriles de circulación en vías de dos o más carriles y regulan exclusivamente a los vehículos que circulen sobre el que están situados o en el que se indique en el panel de señalización variable, y son:<br>
1)	luz roja: determina la prohibición a los vehículos de ocupar el carril sobre el que está encendida;<br>
2)	Los conductores de los vehículos que circulen por un carril sobre el que se encienda esta luz deberán abandonarlo lo antes posible;<br>
3)	luz verde: indica que está permitido circular por el carril sobre el que está encendida.<br>
4)	El uso de este carril no exime de la obligación de detenerse ante la luz roja del semáforo o de obedecer cualquier otra señal o marca vial que obligue a detener o ceder el paso o, en su ausencia, a cumplir las normas de prioridad de paso;<br>
5)	luz blanca o amarilla intermitente: no incorporada a una señal de orientación y colocada encima de un carril apuntando hacia abajo de forma oblicua, indica la necesidad de incorporarse en condiciones de seguridad, hacia el carril señalado, ya que aquel por el que circula va a quedar cerrado a la circulación en ese sentido, en corto tiempo.",14,2,6,4,semaforos_en_vias_de_dos_o_mas_carriles.png,"LOS SEMAFOROS DE OCUPACION DE CARRIL CONSTAN DE UNO O MAS LENTES, SE UBICAN ENCIMA DE LOS CARRILES DE CIRCULACION EN VIAS DE DOS O MAS CARRILES Y REGULAN EXCLUSIVAMENTE A LOS VEHICULOS QUE CIRCULEN SOBRE EL QUE ESTAN SITUADOS O EN EL QUE SE INDIQUE EN EL PANEL DE SENALIZACION VARIABLE, Y SON:<BR>
1)	LUZ ROJA: DETERMINA LA PROHIBICION A LOS VEHICULOS DE OCUPAR EL CARRIL SOBRE EL QUE ESTA ENCENDIDA;<BR>
2)	LOS CONDUCTORES DE LOS VEHICULOS QUE CIRCULEN POR UN CARRIL SOBRE EL QUE SE ENCIENDA ESTA LUZ DEBERAN ABANDONARLO LO ANTES POSIBLE;<BR>
3)	LUZ VERDE: INDICA QUE ESTA PERMITIDO CIRCULAR POR EL CARRIL SOBRE EL QUE ESTA ENCENDIDA.<BR>
4)	EL USO DE ESTE CARRIL NO EXIME DE LA OBLIGACION DE DETENERSE ANTE LA LUZ ROJA DEL SEMAFORO O DE OBEDECER CUALQUIER OTRA SENAL O MARCA VIAL QUE OBLIGUE A DETENER O CEDER EL PASO O, EN SU AUSENCIA, A CUMPLIR LAS NORMAS DE PRIORIDAD DE PASO;<BR>
5)	LUZ BLANCA O AMARILLA INTERMITENTE: NO INCORPORADA A UNA SENAL DE ORIENTACION Y COLOCADA ENCIMA DE UN CARRIL APUNTANDO HACIA ABAJO DE FORMA OBLICUA, INDICA LA NECESIDAD DE INCORPORARSE EN CONDICIONES DE SEGURIDAD, HACIA EL CARRIL SENALADO, YA QUE AQUEL POR EL QUE CIRCULA VA A QUEDAR CERRADO A LA CIRCULACION EN ESE SENTIDO, EN CORTO TIEMPO.",SEMAFOROS DE OCUPACION DE CARRIL,153
244,Regulación del tránsito del peatón ,UGFyYSBsYSByZWd1bGFjacOzbiBkZWwgdHLDoW5zaXRvIGRlbCBwZWF0w7NuIHNlIHV0aWxpemFuIHNlbcOhZm9yb3MgZGUgZG9zIFNlY2Npb25lcywgY29uIGx1Y2VzIHJvamFzIHkgdmVyZGVzIHkgc2XDsWFsZXMgZW4gZm9ybWEgZGUgc2lsdWV0YXMgbyBsZXRyZXJvcy4gRXN0YXMgbHVjZXMgaW5kaWNhbiBxdWUgbG9zIHBlYXRvbmVzIGRlYmVuIGNydXphciBjb24gbGEgbHV6IHZlcmRlIHkgZGV0ZW5lcnNlIGVuIGxhcyBhY2VyYXMsIHBhc2VvcyBvIHpvbmFzIGRlIHNlZ3VyaWRhZCBjdWFuZG8gc2UgcHJveWVjdGEgbGEgbHV6IHJvamEuIExvcyBzZW3DoWZvcm9zIHBhcmEgcGVhdG9uZXMgcHVlZGVuIGVzdGFyIHByb3Zpc3RvcyBkZSB1bmEgc2XDsWFsIHNvbm9yYSBxdWUgaW5kaXF1ZSBlbCB0aWVtcG8gZGUgcXVlIGRpc3BvbmUgZWwgcGVhdMOzbiBwYXJhIGNydXphciBsYSB2w61hLg0KQWwgY3J1emFyIHVuYSB2w61hIGNvbiBzZW3DoWZvcm8gcGFyYSBwZWF0b25lcyBkZWJlIGhhY2VybG8gcG9yIGxvcyBsdWdhcmVzIG1hcmNhZG9zIGVuIGVsIHBhdmltZW50bywgY29uIHJhcGlkZXogYXRlbmRpZW5kbyBhbCB0aWVtcG8gZGUgcXVlIGRpc3BvbmUgcGFyYSByZWFsaXphciBlbCBjcnVjZS4gRW4gbGFzIGludGVyc2VjY2lvbmVzIGVuIHF1ZSBleGlzdGFuIGzDrW5lYXMgY29udGludWFzIGVuIGZvcm1hIGRlICJYIsKdIHB1ZWRlIGVmZWN0dWFyIGVsIGNydWNlIGVuIGZvcm1hIGRpYWdvbmFsLg==,14,2,6,4,semaforos_para_paso_de_peatones.png,UEFSQSBMQSBSRUdVTEFDSU9OIERFTCBUUkFOU0lUTyBERUwgUEVBVE9OIFNFIFVUSUxJWkFOIFNFTUFGT1JPUyBERSBET1MgU0VDQ0lPTkVTLCBDT04gTFVDRVMgUk9KQVMgWSBWRVJERVMgWSBTRU5BTEVTIEVOIEZPUk1BIERFIFNJTFVFVEFTIE8gTEVUUkVST1MuIEVTVEFTIExVQ0VTIElORElDQU4gUVVFIExPUyBQRUFUT05FUyBERUJFTiBDUlVaQVIgQ09OIExBIExVWiBWRVJERSBZIERFVEVORVJTRSBFTiBMQVMgQUNFUkFTLCBQQVNFT1MgTyBaT05BUyBERSBTRUdVUklEQUQgQ1VBTkRPIFNFIFBST1lFQ1RBIExBIExVWiBST0pBLiBMT1MgU0VNQUZPUk9TIFBBUkEgUEVBVE9ORVMgUFVFREVOIEVTVEFSIFBST1ZJU1RPUyBERSBVTkEgU0VOQUwgU09OT1JBIFFVRSBJTkRJUVVFIEVMIFRJRU1QTyBERSBRVUUgRElTUE9ORSBFTCBQRUFUT04gUEFSQSBDUlVaQVIgTEEgVklBLg0KQUwgQ1JVWkFSIFVOQSBWSUEgQ09OIFNFTUFGT1JPIFBBUkEgUEVBVE9ORVMgREVCRSBIQUNFUkxPIFBPUiBMT1MgTFVHQVJFUyBNQVJDQURPUyBFTiBFTCBQQVZJTUVOVE8sIENPTiBSQVBJREVaIEFURU5ESUVORE8gQUwgVElFTVBPIERFIFFVRSBESVNQT05FIFBBUkEgUkVBTElaQVIgRUwgQ1JVQ0UuIEVOIExBUyBJTlRFUlNFQ0NJT05FUyBFTiBRVUUgRVhJU1RBTiBMSU5FQVMgQ09OVElOVUFTIEVOIEZPUk1BIERFICJYIsKdIFBVRURFIEVGRUNUVUFSIEVMIENSVUNFIEVOIEZPUk1BIERJQUdPTkFMLg==,REGULACION DEL TRANSITO DEL PEATON ,155
245,Regulación del tránsito en los pasos a nivel,"Para la regulación del tránsito en los pasos a nivel, además de las señales verticales, se pueden utilizar las siguientes:<br>
1)	señal lumínica intermitente de color rojo: colocada en un mástil en los pasos a nivel o barreras, indica la aproximación de un vehículo por la vía férrea y prohíbe el cruce del paso a nivel; y<br>
2)	señal lumínica intermitente de color amarillo; colocada en el mismo mástil o instalación donde se encuentran las señales rojas intermitentes o barreras de protección, en el centro y superior a estas, permite cruzar el paso a nivel con velocidad moderada.
",14,2,6,4,senales_regular_el_transito_en_los_pasos_a_nivel.png,"PARA LA REGULACION DEL TRANSITO EN LOS PASOS A NIVEL, ADEMAS DE LAS SENALES VERTICALES, SE PUEDEN UTILIZAR LAS SIGUIENTES:<BR>
1)	SENAL LUMINICA INTERMITENTE DE COLOR ROJO: COLOCADA EN UN MASTIL EN LOS PASOS A NIVEL O BARRERAS, INDICA LA APROXIMACION DE UN VEHICULO POR LA VIA FERREA Y PROHIBE EL CRUCE DEL PASO A NIVEL; Y<BR>
2)	SENAL LUMINICA INTERMITENTE DE COLOR AMARILLO; COLOCADA EN EL MISMO MASTIL O INSTALACION DONDE SE ENCUENTRAN LAS SENALES ROJAS INTERMITENTES O BARRERAS DE PROTECCION, EN EL CENTRO Y SUPERIOR A ESTAS, PERMITE CRUZAR EL PASO A NIVEL CON VELOCIDAD MODERADA.
",REGULACION DEL TRANSITO EN LOS PASOS A NIVEL,154
246,Luz roja,"La luz roja indica que:<br>
1) los conductores de vehículos están obligados a detenerse en la línea de Pare o, si no existe esta, hacerlo antes del paso para peatones, en las inmediaciones de la intersección sin sobrepasar la misma o en la vertical de la señal correspondiente si la hubiere y los peatones en la acera o zona de seguridad. Cuando junto con esta luz se enciende la amarilla significa que está a punto de terminar, pero esto no cambia la acción prohibitiva de la luz roja;<BR>
2) con independencia de lo señalado, se puede efectuar giros a la derecha o seguir recto en las intersecciones autorizadas mediante la señalización correspondiente. El conductor está obligado a adoptar las precauciones debidas para no interferir la circulación de los vehículos que lo hacen por la vía que tiene proyectada la luz verde;<BR>
3) los conductores de vehículos, cuando exista una o dos luces rojas in-termitentes alternativamente, están obligados a detenerse en la línea de Pare o, si no existe esta, hacerlo antes del paso para peatones, en las in-mediaciones de la intersección sin sobrepasar esta, cualesquiera que sean las circunstancias de visibilidad, y continuar la marcha cediendo el paso a los vehículos que lo hacen por la vía transversal o de los peatones que hacen uso del cruce; y<BR>
4) los conductores de vehículos, cuando exista una o dos luces rojas intermitentes alternativamente en los pasos a nivel, salidas de ambulancias, vehículos de bomberos y otros con régimen especial y puentes móviles, no continúan la marcha mientras la luz o las luces permanezcan encendidas.",14,2,6,4,rojo.png,"LA LUZ ROJA INDICA QUE:<BR>
1) LOS CONDUCTORES DE VEHICULOS ESTAN OBLIGADOS A DETENERSE EN LA LINEA DE PARE O, SI NO EXISTE ESTA, HACERLO ANTES DEL PASO PARA PEATONES, EN LAS INMEDIACIONES DE LA INTERSECCION SIN SOBREPASAR LA MISMA O EN LA VERTICAL DE LA SENAL CORRESPONDIENTE SI LA HUBIERE Y LOS PEATONES EN LA ACERA O ZONA DE SEGURIDAD. CUANDO JUNTO CON ESTA LUZ SE ENCIENDE LA AMARILLA SIGNIFICA QUE ESTA A PUNTO DE TERMINAR, PERO ESTO NO CAMBIA LA ACCION PROHIBITIVA DE LA LUZ ROJA;<BR>
2) CON INDEPENDENCIA DE LO SENALADO, SE PUEDE EFECTUAR GIROS A LA DERECHA O SEGUIR RECTO EN LAS INTERSECCIONES AUTORIZADAS MEDIANTE LA SENALIZACION CORRESPONDIENTE. EL CONDUCTOR ESTA OBLIGADO A ADOPTAR LAS PRECAUCIONES DEBIDAS PARA NO INTERFERIR LA CIRCULACION DE LOS VEHICULOS QUE LO HACEN POR LA VIA QUE TIENE PROYECTADA LA LUZ VERDE;<BR>
3) LOS CONDUCTORES DE VEHICULOS, CUANDO EXISTA UNA O DOS LUCES ROJAS IN-TERMITENTES ALTERNATIVAMENTE, ESTAN OBLIGADOS A DETENERSE EN LA LINEA DE PARE O, SI NO EXISTE ESTA, HACERLO ANTES DEL PASO PARA PEATONES, EN LAS IN-MEDIACIONES DE LA INTERSECCION SIN SOBREPASAR ESTA, CUALESQUIERA QUE SEAN LAS CIRCUNSTANCIAS DE VISIBILIDAD, Y CONTINUAR LA MARCHA CEDIENDO EL PASO A LOS VEHICULOS QUE LO HACEN POR LA VIA TRANSVERSAL O DE LOS PEATONES QUE HACEN USO DEL CRUCE; Y<BR>
4) LOS CONDUCTORES DE VEHICULOS, CUANDO EXISTA UNA O DOS LUCES ROJAS INTERMITENTES ALTERNATIVAMENTE EN LOS PASOS A NIVEL, SALIDAS DE AMBULANCIAS, VEHICULOS DE BOMBEROS Y OTROS CON REGIMEN ESPECIAL Y PUENTES MOVILES, NO CONTINUAN LA MARCHA MIENTRAS LA LUZ O LAS LUCES PERMANEZCAN ENCENDIDAS.",LUZ ROJA,150
247,Luz amarilla,"La luz amarilla indica que:<BR>
1) los conductores de vehículos están obligados a detenerse en la línea de Pare o, si no existe esta, hacerlo antes del paso para peatones, en las inmediaciones de la intersección sin sobrepasar esta o en la vertical de la señal correspondiente si la hubiere, a no ser que, cuando se proyecte la luz amarilla, se encuentre tan cerca de la intersección que no pueda detener el vehículo en condiciones de seguridad suficiente y que los peatones tienen que pararse sobre la acera o zona de seguridad; y <BR>
2) cuando es intermitente, los conductores de vehículos y peatones pueden continuar la marcha, debiendo extremar las precauciones hasta rebasar la zona regulada.",14,2,6,4,amarilla.png,"LA LUZ AMARILLA INDICA QUE:<BR>
1) LOS CONDUCTORES DE VEHICULOS ESTAN OBLIGADOS A DETENERSE EN LA LINEA DE PARE O, SI NO EXISTE ESTA, HACERLO ANTES DEL PASO PARA PEATONES, EN LAS INMEDIACIONES DE LA INTERSECCION SIN SOBREPASAR ESTA O EN LA VERTICAL DE LA SENAL CORRESPONDIENTE SI LA HUBIERE, A NO SER QUE, CUANDO SE PROYECTE LA LUZ AMARILLA, SE ENCUENTRE TAN CERCA DE LA INTERSECCION QUE NO PUEDA DETENER EL VEHICULO EN CONDICIONES DE SEGURIDAD SUFICIENTE Y QUE LOS PEATONES TIENEN QUE PARARSE SOBRE LA ACERA O ZONA DE SEGURIDAD; Y <BR>
2) CUANDO ES INTERMITENTE, LOS CONDUCTORES DE VEHICULOS Y PEATONES PUEDEN CONTINUAR LA MARCHA, DEBIENDO EXTREMAR LAS PRECAUCIONES HASTA REBASAR LA ZONA REGULADA.",LUZ AMARILLA,151
248,Luz verde,"La luz verde indica que:<BR>
1) los conductores de vehículos pueden continuar la marcha por la vía que circulan, girar a la derecha y a la izquierda con precaución en las intersecciones donde no se prohíba este giro cediendo el paso a los vehículos que circulan en sentido contrario y sin obstruir la circulación de los vehículos que lo suceden. Se exceptúan de esta regulación los carriles para lo que se disponga de una fase semafórica para el giro de izquierda, simultánea o no con el sentido recto;

",14,2,6,4,verde.png,"LA LUZ VERDE INDICA QUE:<BR>
1) LOS CONDUCTORES DE VEHICULOS PUEDEN CONTINUAR LA MARCHA POR LA VIA QUE CIRCULAN, GIRAR A LA DERECHA Y A LA IZQUIERDA CON PRECAUCION EN LAS INTERSECCIONES DONDE NO SE PROHIBA ESTE GIRO CEDIENDO EL PASO A LOS VEHICULOS QUE CIRCULAN EN SENTIDO CONTRARIO Y SIN OBSTRUIR LA CIRCULACION DE LOS VEHICULOS QUE LO SUCEDEN. SE EXCEPTUAN DE ESTA REGULACION LOS CARRILES PARA LO QUE SE DISPONGA DE UNA FASE SEMAFORICA PARA EL GIRO DE IZQUIERDA, SIMULTANEA O NO CON EL SENTIDO RECTO;

",LUZ VERDE,152
251,Señal de destino,"Indica las poblaciones, la dirección en que se encuentran y la distancia en kilómetros hasta ellas.",7,2,4,1,senales_de_destino.png,"INDICA LAS POBLACIONES, LA DIRECCION EN QUE SE ENCUENTRAN Y LA DISTANCIA EN KILOMETROS HASTA ELLAS.",SENAL DE DESTINO,172
252,Después de hacer la señal de “Alto”,"Puede bajar el brazo o los brazos, lo que significa para los conductores
no varía la circulación regulada antes de bajarlos.",13,1,1,3,despues_de_hacer_la_senal_de_alto.png,"PUEDE BAJAR EL BRAZO O LOS BRAZOS, LO QUE SIGNIFICA PARA LOS CONDUCTORES
NO VARIA LA CIRCULACION REGULADA ANTES DE BAJARLOS.",DESPUES DE HACER LA SENAL DE “ALTO”,63
